-- Kevin Bazira
-- kevinbazira.com

--
-- Database: `car_rental_price_comparison_db`
--
CREATE DATABASE IF NOT EXISTS `car_rental_price_comparison_db` DEFAULT CHARACTER SET latin1 COLLATE latin1_swedish_ci;
USE `car_rental_price_comparison_db`;

-- --------------------------------------------------------

--
-- Table structure for table `cars_data_tbl`
--

DROP TABLE IF EXISTS `cars_data_tbl`;
CREATE TABLE IF NOT EXISTS `cars_data_tbl` (
  `id` int(11) NOT NULL AUTO_INCREMENT,
  `car_model_id` int(11) NOT NULL,
  `rent_per_day` decimal(10,0) NOT NULL,
  `rental_service_id` int(11) NOT NULL,
  `rent_url` varchar(300) NOT NULL,
  `date_scraped` datetime NOT NULL,
  PRIMARY KEY (`id`),
  UNIQUE KEY `cars_data_tbl_uc0` (`rent_url`),
  KEY `cars_data_tbl_fk0` (`car_model_id`),
  KEY `cars_data_tbl_fk1` (`rental_service_id`)
) ENGINE=MyISAM AUTO_INCREMENT=405 DEFAULT CHARSET=latin1;

--
-- Dumping data for table `cars_data_tbl`
--

INSERT INTO `cars_data_tbl` (`id`, `car_model_id`, `rent_per_day`, `rental_service_id`, `rent_url`, `date_scraped`) VALUES
(1, 1, '450', 1, 'https://xcarrental.com/car/audi-a6-2020/', '2022-12-03 12:23:43'),
(2, 2, '300', 1, 'https://xcarrental.com/car/audi-a6/', '2022-12-03 12:23:43'),
(3, 3, '300', 1, 'https://xcarrental.com/car/audi-a6-white/', '2022-12-03 12:23:43'),
(4, 4, '150', 1, 'https://xcarrental.com/car/audi-a3/', '2022-12-03 12:23:43'),
(5, 5, '700', 1, 'https://xcarrental.com/car/bmw-z4-2022/', '2022-12-03 12:23:43'),
(6, 6, '600', 1, 'https://xcarrental.com/car/bmw-7-series/', '2022-12-03 12:23:43'),
(7, 7, '500', 1, 'https://xcarrental.com/car/bmw-430-2022/', '2022-12-03 12:23:43'),
(8, 8, '450', 1, 'https://xcarrental.com/car/bmw-5-series/', '2022-12-03 12:23:43'),
(9, 9, '450', 1, 'https://xcarrental.com/car/bmw-430i-convertible/', '2022-12-03 12:23:43'),
(10, 10, '400', 1, 'https://xcarrental.com/car/bmw-4-series-convertible/', '2022-12-03 12:23:43'),
(11, 11, '1200', 1, 'https://xcarrental.com/car/cadillac-escalade-2021/', '2022-12-03 12:23:44'),
(12, 12, '600', 1, 'https://xcarrental.com/car/cadillac-escalade/', '2022-12-03 12:23:44'),
(13, 13, '150', 1, 'https://xcarrental.com/car/cadillac-ats/', '2022-12-03 12:23:44'),
(14, 14, '999', 1, 'https://xcarrental.com/car/chevrolet-corvette-spyder-2022/', '2022-12-03 12:23:45'),
(15, 15, '750', 1, 'https://xcarrental.com/car/chevrolet-corvette-2020/', '2022-12-03 12:23:45'),
(16, 16, '450', 1, 'https://xcarrental.com/car/chevrolet-camaro/', '2022-12-03 12:23:45'),
(17, 17, '450', 1, 'https://xcarrental.com/car/chevrolet-camaro-2021/', '2022-12-03 12:23:45'),
(18, 18, '250', 1, 'https://xcarrental.com/car/chevrolet-impala/', '2022-12-03 12:23:45'),
(19, 19, '200', 1, 'https://xcarrental.com/car/chevrolet-trailblazer/', '2022-12-03 12:23:45'),
(20, 20, '2500', 1, 'https://xcarrental.com/car/ferrari-488-gtb/', '2022-12-03 12:23:45'),
(21, 21, '1200', 1, 'https://xcarrental.com/car/ferrari-california/', '2022-12-03 12:23:45'),
(22, 22, '200', 1, 'https://xcarrental.com/car/fiat-500/', '2022-12-03 12:23:46'),
(23, 23, '500', 1, 'https://xcarrental.com/car/ford-mustang-convertible/', '2022-12-03 12:23:46'),
(24, 24, '499', 1, 'https://xcarrental.com/car/ford-mustang-gt-v8/', '2022-12-03 12:23:46'),
(25, 25, '450', 1, 'https://xcarrental.com/car/ford-mustang-gt/', '2022-12-03 12:23:46'),
(26, 26, '350', 1, 'https://xcarrental.com/car/ford-mustang-ecoboost/', '2022-12-03 12:23:46'),
(27, 27, '300', 1, 'https://xcarrental.com/car/ford-explorer/', '2022-12-03 12:23:46'),
(28, 28, '900', 1, 'https://xcarrental.com/car/gmc-yukon-denali/', '2022-12-03 12:23:47'),
(29, 29, '850', 1, 'https://xcarrental.com/car/gmc-yukon/', '2022-12-03 12:23:47'),
(30, 30, '350', 1, 'https://xcarrental.com/car/gmc-acadia/', '2022-12-03 12:23:47'),
(31, 31, '150', 1, 'https://xcarrental.com/car/infinity-q50/', '2022-12-03 12:23:47'),
(32, 32, '450', 1, 'https://xcarrental.com/car/jeep-wrangler-2020/', '2022-12-03 12:23:48'),
(33, 33, '400', 1, 'https://xcarrental.com/car/jeep-wrangler/', '2022-12-03 12:23:48'),
(34, 34, '80', 1, 'https://xcarrental.com/car/kia-cerato/', '2022-12-03 12:23:48'),
(35, 35, '3500', 1, 'https://xcarrental.com/car/lamborghini-urus/', '2022-12-03 12:23:48'),
(36, 36, '2999', 1, 'https://xcarrental.com/car/lamborghini-huracan-evo/', '2022-12-03 12:23:48'),
(37, 37, '750', 1, 'https://xcarrental.com/car/lotus-evora-400-2021/', '2022-12-03 12:23:49'),
(38, 38, '225', 1, 'https://xcarrental.com/car/mini-cooper-countryman/', '2022-12-03 12:23:50'),
(39, 39, '450', 1, 'https://xcarrental.com/car/nissan-patrol-platinum/', '2022-12-03 12:23:50'),
(40, 40, '400', 1, 'https://xcarrental.com/car/nissan-patrol/', '2022-12-03 12:23:50'),
(41, 41, '200', 1, 'https://xcarrental.com/car/nissan-maxima/', '2022-12-03 12:23:50'),
(42, 42, '150', 1, 'https://xcarrental.com/car/nissan-xtrail/', '2022-12-03 12:23:50'),
(43, 43, '90', 1, 'https://xcarrental.com/car/nissan-altima/', '2022-12-03 12:23:50'),
(44, 44, '90', 1, 'https://xcarrental.com/car/peugeot-301/', '2022-12-03 12:23:51'),
(45, 45, '600', 1, 'https://xcarrental.com/car/porsche-boxster-2019/', '2022-12-03 12:23:51'),
(46, 46, '400', 1, 'https://xcarrental.com/car/porsche-cayman/', '2022-12-03 12:23:51'),
(47, 47, '1500', 1, 'https://xcarrental.com/car/range-rover-svr/', '2022-12-03 12:23:52'),
(48, 48, '1100', 1, 'https://xcarrental.com/car/range-rover-sport-2021/', '2022-12-03 12:23:52'),
(49, 49, '999', 1, 'https://xcarrental.com/car/range-rover-vogue-hse-2019/', '2022-12-03 12:23:52'),
(50, 50, '900', 1, 'https://xcarrental.com/car/range-rover-sport-2019/', '2022-12-03 12:23:52'),
(51, 51, '900', 1, 'https://xcarrental.com/car/range-rover-defender-2021/', '2022-12-03 12:23:52'),
(52, 52, '700', 1, 'https://xcarrental.com/car/range-rover-vogue/', '2022-12-03 12:23:52'),
(53, 53, '4900', 1, 'https://xcarrental.com/car/rolls-royce-cullinan-2022/', '2022-12-03 12:23:53'),
(54, 54, '2000', 1, 'https://xcarrental.com/car/rolls-royce-wraith-2018/', '2022-12-03 12:23:53'),
(55, 55, '1500', 1, 'https://xcarrental.com/car/rolls-royce-ghost/', '2022-12-03 12:23:53'),
(56, 56, '100', 1, 'https://xcarrental.com/car/suzuki-baleno/', '2022-12-03 12:23:53'),
(57, 57, '450', 1, 'https://xcarrental.com/car/tesla-model-3/', '2022-12-03 12:23:54'),
(58, 58, '250', 1, 'https://xcarrental.com/car/toyota-tundra/', '2022-12-03 12:23:54'),
(59, 59, '100', 1, 'https://xcarrental.com/car/toyota-corolla/', '2022-12-03 12:23:54'),
(60, 60, '90', 1, 'https://xcarrental.com/car/volkswagen-jetta/', '2022-12-03 12:23:54'),
(61, 61, '170120', 2, 'https://rentalcarsuae.com/car/kia-pegas/', '2022-12-03 12:23:56'),
(62, 62, '80', 2, 'https://rentalcarsuae.com/car/kia-picanto/', '2022-12-03 12:23:56'),
(63, 63, '140', 2, 'https://rentalcarsuae.com/car/rent-kia-rio-dubai/', '2022-12-03 12:23:56'),
(64, 64, '220', 2, 'https://rentalcarsuae.com/car/rent-kia-picanto-in-dubai/', '2022-12-03 12:23:56'),
(65, 34, '200', 2, 'https://rentalcarsuae.com/car/kia-cerato/', '2022-12-03 12:23:56'),
(66, 65, '170', 2, 'https://rentalcarsuae.com/car/kia-pegas-2023/', '2022-12-03 12:23:56'),
(67, 66, '180', 2, 'https://rentalcarsuae.com/car/kia-pegas-2023-full-options/', '2022-12-03 12:23:56'),
(68, 67, '210', 2, 'https://rentalcarsuae.com/car/rent-kia-stinger-dubai/', '2022-12-03 12:23:56'),
(69, 68, '190', 2, 'https://rentalcarsuae.com/car/rent-kia-k5-dubai/', '2022-12-03 12:23:56'),
(70, 69, '130', 2, 'https://rentalcarsuae.com/car/sportage-2/', '2022-12-03 12:23:56'),
(71, 70, '100', 2, 'https://rentalcarsuae.com/car/nissan-micra-2021/', '2022-12-03 12:23:57'),
(72, 71, '200', 2, 'https://rentalcarsuae.com/car/rent-nissan-sentra-in-dubai/', '2022-12-03 12:23:57'),
(73, 72, '195', 2, 'https://rentalcarsuae.com/car/rent-nissan-sunny-in-dubai/', '2022-12-03 12:23:57'),
(74, 43, '210', 2, 'https://rentalcarsuae.com/car/nissan-altima-2/', '2022-12-03 12:23:57'),
(75, 73, '230', 2, 'https://rentalcarsuae.com/car/rent-nissan-navara-dubai/', '2022-12-03 12:23:57'),
(76, 74, '200160', 2, 'https://rentalcarsuae.com/car/rent-nissan-kicks-in-dubai/', '2022-12-03 12:23:57'),
(77, 75, '410', 2, 'https://rentalcarsuae.com/car/rent-nissan-urvan-dubai/', '2022-12-03 12:23:57'),
(78, 76, '250', 2, 'https://rentalcarsuae.com/car/nissan-kicks/', '2022-12-03 12:23:57'),
(79, 77, '190', 2, 'https://rentalcarsuae.com/car/nissan-kicks-2023/', '2022-12-03 12:23:57'),
(80, 78, '255', 2, 'https://rentalcarsuae.com/car/rent-nissan-xtrail-dubai/', '2022-12-03 12:23:57'),
(81, 79, '200130', 2, 'https://rentalcarsuae.com/car/hyundai-creta/', '2022-12-03 12:23:57'),
(82, 80, '160100', 2, 'https://rentalcarsuae.com/car/hyundai-accent-compact/', '2022-12-03 12:23:57'),
(83, 81, '230', 2, 'https://rentalcarsuae.com/car/rent-hyundai-ioniq-dubai/', '2022-12-03 12:23:57'),
(84, 82, '330', 2, 'https://rentalcarsuae.com/car/rent-hyundai-h1-dubai/', '2022-12-03 12:23:57'),
(85, 83, '130', 2, 'https://rentalcarsuae.com/car/hyundai-elantra-2/', '2022-12-03 12:23:57'),
(86, 84, '120', 2, 'https://rentalcarsuae.com/car/rent-hyundai-kona-dubai/', '2022-12-03 12:23:57'),
(87, 85, '150', 2, 'https://rentalcarsuae.com/car/rent-hyundai-elantra-in-dubai/', '2022-12-03 12:23:57'),
(88, 86, '220', 2, 'https://rentalcarsuae.com/car/rent-hyundai-veloster-dubai/', '2022-12-03 12:23:57'),
(89, 87, '190', 2, 'https://rentalcarsuae.com/car/rent-hyundai-sonata-in-dubai/', '2022-12-03 12:23:57'),
(90, 88, '140', 2, 'https://rentalcarsuae.com/car/hyundai-creta-2020/', '2022-12-03 12:23:57'),
(91, 89, '120', 2, 'https://rentalcarsuae.com/car/rent-toyota-yaris-hatchback-dubai/', '2022-12-03 12:23:58'),
(92, 90, '155', 2, 'https://rentalcarsuae.com/car/rent-toyota-yaris-in-dubai/', '2022-12-03 12:23:58'),
(93, 91, '170', 2, 'https://rentalcarsuae.com/car/rent-toyota-yaris/', '2022-12-03 12:23:58'),
(94, 92, '135', 2, 'https://rentalcarsuae.com/car/rent-toyota-corolla-in-dubai/', '2022-12-03 12:23:58'),
(95, 93, '160', 2, 'https://rentalcarsuae.com/car/rent-toyota-camry-in-dubai/', '2022-12-03 12:23:58'),
(96, 94, '250', 2, 'https://rentalcarsuae.com/car/toyota-camry/', '2022-12-03 12:23:58'),
(97, 95, '200', 2, 'https://rentalcarsuae.com/car/toyota-corolla-cross-2023/', '2022-12-03 12:23:58'),
(98, 96, '280', 2, 'https://rentalcarsuae.com/car/toyota-granvia-for-rent-dubai/', '2022-12-03 12:23:58'),
(99, 97, '300', 2, 'https://rentalcarsuae.com/car/rent-toyota-hilux-in-dubai/', '2022-12-03 12:23:58'),
(100, 98, '300210', 2, 'https://rentalcarsuae.com/car/toyota-rush-dubai/', '2022-12-03 12:23:58'),
(101, 99, '150100', 2, 'https://rentalcarsuae.com/car/chevrolet-aveo/', '2022-12-03 12:23:59'),
(102, 100, '140', 2, 'https://rentalcarsuae.com/car/chevrolet-spark/', '2022-12-03 12:23:59'),
(103, 101, '160', 2, 'https://rentalcarsuae.com/car/rent-chevrolet-spark-in-dubai/', '2022-12-03 12:23:59'),
(104, 102, '180', 2, 'https://rentalcarsuae.com/car/rent-a-car-dubai-uae-chevrolet-cruze/', '2022-12-03 12:23:59'),
(105, 103, '180', 2, 'https://rentalcarsuae.com/car/rent-chevrolet-equinox-in-dubai/', '2022-12-03 12:23:59'),
(106, 104, '200', 2, 'https://rentalcarsuae.com/car/rent-chevrolet-traverse-in-dubai/', '2022-12-03 12:23:59'),
(107, 105, '220', 2, 'https://rentalcarsuae.com/car/chevrolet-malibu/', '2022-12-03 12:23:59'),
(108, 106, '280', 2, 'https://rentalcarsuae.com/car/rent-chevrolet-groove-in-dubai/', '2022-12-03 12:23:59'),
(109, 107, '225', 2, 'https://rentalcarsuae.com/car/rent-chevrolet-captiva-2021/', '2022-12-03 12:23:59'),
(110, 108, '200', 2, 'https://rentalcarsuae.com/car/rent-chevrolet-blazer-in-dubai/', '2022-12-03 12:23:59'),
(111, 109, '100', 2, 'https://rentalcarsuae.com/car/rent-mitsubishi-attrage-dubai/', '2022-12-03 12:23:59'),
(112, 110, '150', 2, 'https://rentalcarsuae.com/car/rent-mitsubishi-asx-in-dubai/', '2022-12-03 12:23:59'),
(113, 111, '125', 2, 'https://rentalcarsuae.com/car/rent-mitsubishi-eclipse-cross/', '2022-12-03 12:23:59'),
(114, 112, '240', 2, 'https://rentalcarsuae.com/car/rent-mitsubishi-xpander-in-dubai/', '2022-12-03 12:23:59'),
(115, 113, '220', 2, 'https://rentalcarsuae.com/car/rent-mitsubishi-outlander-dubai/', '2022-12-03 12:23:59'),
(116, 114, '140', 2, 'https://rentalcarsuae.com/car/rent-renault-megane-dubai/', '2022-12-03 12:23:59'),
(117, 115, '155', 2, 'https://rentalcarsuae.com/car/rent-renault-duster-dubai/', '2022-12-03 12:23:59'),
(118, 116, '230', 2, 'https://rentalcarsuae.com/car/rent-renault-koleos-dubai/', '2022-12-03 12:23:59'),
(119, 117, '230', 2, 'https://rentalcarsuae.com/car/rent-renault-zoe-dubai/', '2022-12-03 12:23:59'),
(120, 118, '375', 2, 'https://rentalcarsuae.com/car/rent-mercedes-e-class-dubai/', '2022-12-03 12:24:00'),
(121, 119, '400', 2, 'https://rentalcarsuae.com/car/rent-mercedes-c-class-dubai/', '2022-12-03 12:24:00'),
(122, 120, '800', 2, 'https://rentalcarsuae.com/car/rent-mercedes-s-class-dubai/', '2022-12-03 12:24:00'),
(123, 121, '2100', 2, 'https://rentalcarsuae.com/car/mercedes-g63-2017-2/', '2022-12-03 12:24:00'),
(124, 122, '375', 2, 'https://rentalcarsuae.com/car/rent-audi-a3-2021/', '2022-12-03 12:24:00'),
(125, 123, '500', 2, 'https://rentalcarsuae.com/car/audi-a3-2022/', '2022-12-03 12:24:00'),
(126, 1, '600', 2, 'https://rentalcarsuae.com/car/audi-a6-2020/', '2022-12-03 12:24:00'),
(127, 124, '600', 2, 'https://rentalcarsuae.com/car/bmw-5-series/', '2022-12-03 12:24:00'),
(128, 125, '180', 2, 'https://rentalcarsuae.com/car/rent-ford-escort-dubai/', '2022-12-03 12:24:01'),
(129, 126, '180', 2, 'https://rentalcarsuae.com/car/rent-ford-ecosport-dubai/', '2022-12-03 12:24:01'),
(130, 127, '160', 2, 'https://rentalcarsuae.com/car/rent-ford-escape-dubai/', '2022-12-03 12:24:01'),
(131, 128, '440', 2, 'https://rentalcarsuae.com/car/ford-edge/', '2022-12-03 12:24:01'),
(132, 129, '230', 2, 'https://rentalcarsuae.com/car/rent-ford-territory-in-dubai/', '2022-12-03 12:24:01'),
(133, 130, '410', 2, 'https://rentalcarsuae.com/car/rent-ford-explorer-dubai/', '2022-12-03 12:24:01'),
(134, 131, '410', 2, 'https://rentalcarsuae.com/car/rent-ford-expedition-dubai/', '2022-12-03 12:24:01'),
(135, 132, '410', 2, 'https://rentalcarsuae.com/car/rent-ford-edge-dubai/', '2022-12-03 12:24:01'),
(136, 133, '300', 2, 'https://rentalcarsuae.com/car/rent-ford-taurus-dubai/', '2022-12-03 12:24:01'),
(137, 134, '300', 2, 'https://rentalcarsuae.com/car/rent-ford-mustang-dubai/', '2022-12-03 12:24:01'),
(138, 135, '420', 2, 'https://rentalcarsuae.com/car/lexus-ux-2020/', '2022-12-03 12:24:01'),
(139, 136, '1100', 2, 'https://rentalcarsuae.com/car/lexus-lx570-2021/', '2022-12-03 12:24:01'),
(140, 137, '200', 2, 'https://rentalcarsuae.com/car/rent-mazda-2-in-dubai/', '2022-12-03 12:24:02'),
(141, 138, '180', 2, 'https://rentalcarsuae.com/car/mazda-6/', '2022-12-03 12:24:02'),
(142, 139, '180', 2, 'https://rentalcarsuae.com/car/rent-mazda-cx-3-in-dubai/', '2022-12-03 12:24:02'),
(143, 140, '200', 2, 'https://rentalcarsuae.com/car/rent-mazda-cx-30-in-dubai/', '2022-12-03 12:24:02'),
(144, 141, '220', 2, 'https://rentalcarsuae.com/car/rent-mazda-cx-5-in-dubai/', '2022-12-03 12:24:02'),
(145, 55, '3500', 2, 'https://rentalcarsuae.com/car/rent-rolls-royce-ghost-dubai/', '2022-12-03 12:24:02'),
(146, 142, '3500', 2, 'https://rentalcarsuae.com/car/rent-rolls-royce-wraith-dubai/', '2022-12-03 12:24:02'),
(147, 143, '3500', 2, 'https://rentalcarsuae.com/car/rent-rolls-royce-dawn-dubai/', '2022-12-03 12:24:02'),
(148, 144, '250', 2, 'https://rentalcarsuae.com/car/rent-genesis-g70/', '2022-12-03 12:24:02'),
(149, 145, '400', 2, 'https://rentalcarsuae.com/car/rent-genesis-gv70-in-dubai/', '2022-12-03 12:24:02'),
(150, 146, '500', 2, 'https://rentalcarsuae.com/car/rent-genesis-gv80-in-dubai/', '2022-12-03 12:24:02'),
(151, 147, '280', 2, 'https://rentalcarsuae.com/car/rent-infiniti-qx50-in-dubai/', '2022-12-03 12:24:02'),
(152, 148, '290', 2, 'https://rentalcarsuae.com/car/rent-infiniti-qx55-in-dubai/', '2022-12-03 12:24:02'),
(153, 149, '335', 2, 'https://rentalcarsuae.com/car/rent-infiniti-qx60-in-dubai/', '2022-12-03 12:24:02'),
(154, 150, '500', 2, 'https://rentalcarsuae.com/car/rent-infiniti-qx80-in-dubai/', '2022-12-03 12:24:02'),
(155, 151, '195', 3, 'https://www.drivus.ae/catalog/suv/kia-seltos-2023/', '2022-12-03 12:24:11'),
(156, 152, '150', 3, 'https://www.drivus.ae/catalog/sedan/kia-cerato-2020/', '2022-12-03 12:24:11'),
(157, 71, '150', 3, 'https://www.drivus.ae/catalog/sedan/nissan-sentra-2021/', '2022-12-03 12:24:12'),
(158, 78, '210', 3, 'https://www.drivus.ae/catalog/suv/nissan-xtrail-2021/', '2022-12-03 12:24:12'),
(159, 153, '185', 3, 'https://www.drivus.ae/catalog/suv/nissan-kicks-2019/', '2022-12-03 12:24:12'),
(160, 92, '150', 3, 'https://www.drivus.ae/catalog/sedan/toyota-corolla-2021/', '2022-12-03 12:24:13'),
(161, 88, '180', 3, 'https://www.drivus.ae/catalog/suv/hyundai-creta-2020/', '2022-12-03 12:24:14'),
(162, 154, '185', 3, 'https://www.drivus.ae/catalog/suv/hyundai-creta-2019/', '2022-12-03 12:24:14'),
(163, 155, '1900', 3, 'https://www.drivus.ae/catalog/suv/land-rover-range-rover-2020/', '2022-12-03 12:24:15'),
(164, 156, '150', 3, 'https://www.drivus.ae/catalog/sedan/mitsubishi-attrage-2022/', '2022-12-03 12:24:16'),
(165, 157, '145', 3, 'https://www.drivus.ae/catalog/sedan/renault-symbol-2017/', '2022-12-03 12:24:18'),
(166, 158, '183', 3, 'https://www.drivus.ae/catalog/suv/renault-duster-2020/', '2022-12-03 12:24:18'),
(167, 159, '520', 4, 'https://phantomrentcar.com/car/audi-a6-black/', '2022-12-04 08:10:18'),
(168, 4, '270', 4, 'https://phantomrentcar.com/car/audi-black/', '2022-12-04 08:10:19'),
(169, 4, '270', 4, 'https://phantomrentcar.com/car/audi-a3-blue/', '2022-12-04 08:10:19'),
(170, 4, '270', 4, 'https://phantomrentcar.com/car/audi-a3-white/', '2022-12-04 08:10:19'),
(171, 159, '520', 4, 'https://phantomrentcar.com/car/audi-a6-2/', '2022-12-04 08:10:19'),
(172, 160, '800', 4, 'https://phantomrentcar.com/car/audi-q8-grey/', '2022-12-04 08:10:19'),
(173, 161, '1600', 4, 'https://phantomrentcar.com/car/audi-r8/', '2022-12-04 08:10:19'),
(174, 162, '1450', 4, 'https://phantomrentcar.com/car/audi-rs-q8-gray/', '2022-12-04 08:10:19'),
(175, 162, '1450', 4, 'https://phantomrentcar.com/car/audi-rs-q8-2/', '2022-12-04 08:10:19'),
(176, 162, '1450', 4, 'https://phantomrentcar.com/car/audi-rs-q8-3/', '2022-12-04 08:10:19'),
(177, 163, '1100', 4, 'https://phantomrentcar.com/car/audi-a8/', '2022-12-04 08:10:19'),
(178, 163, '1100', 4, 'https://phantomrentcar.com/car/audi-a8-2/', '2022-12-04 08:10:19'),
(179, 164, '2650', 4, 'https://phantomrentcar.com/car/bentley-bentayga/', '2022-12-04 08:10:21'),
(180, 165, '2000', 4, 'https://phantomrentcar.com/car/bentley-continental-gt-2/', '2022-12-04 08:10:21'),
(181, 166, '2400', 4, 'https://phantomrentcar.com/car/bentley-flying-supr/', '2022-12-04 08:10:21'),
(182, 165, '2150', 4, 'https://phantomrentcar.com/car/bentley-continental-gt-3/', '2022-12-04 08:10:21'),
(183, 167, '2800', 4, 'https://phantomrentcar.com/car/bentley-continental-gtc-2022/', '2022-12-04 08:10:21'),
(184, 164, '2800', 4, 'https://phantomrentcar.com/car/bentley-bentayga-2022/', '2022-12-04 08:10:21'),
(185, 168, '2800', 4, 'https://phantomrentcar.com/car/bentley-bentayga-s/', '2022-12-04 08:10:21'),
(186, 12, '1100', 4, 'https://phantomrentcar.com/car/cadillac-escalade/', '2022-12-04 08:10:23'),
(187, 12, '1100', 4, 'https://phantomrentcar.com/car/cadillac-escalade-2/', '2022-12-04 08:10:23'),
(188, 12, '1200', 4, 'https://phantomrentcar.com/car/cadillac-escalade-2022/', '2022-12-04 08:10:23'),
(189, 169, '1100', 4, 'https://phantomrentcar.com/car/corvette-c8-2/', '2022-12-04 08:10:25'),
(190, 169, '1200', 4, 'https://phantomrentcar.com/car/chevrolet-corvette-c8-2022-1/', '2022-12-04 08:10:25'),
(191, 169, '1200', 4, 'https://phantomrentcar.com/car/chevrolet-corvette-c8-2022/', '2022-12-04 08:10:25'),
(192, 170, '440', 4, 'https://phantomrentcar.com/car/chevrolet-tahoe/', '2022-12-04 08:10:25'),
(193, 169, '1200', 4, 'https://phantomrentcar.com/car/chevrolet-corvette-c8-orange/', '2022-12-04 08:10:25'),
(194, 171, '3750', 4, 'https://phantomrentcar.com/car/ferrari-f8-spider/', '2022-12-04 08:10:27'),
(195, 28, '800', 4, 'https://phantomrentcar.com/car/gmc-yukon/', '2022-12-04 08:10:29'),
(196, 28, '800', 4, 'https://phantomrentcar.com/car/gmc-yukon-denali-2021/', '2022-12-04 08:10:29'),
(197, 172, '2900', 4, 'https://phantomrentcar.com/car/lamborghini-evo/', '2022-12-04 08:10:31'),
(198, 172, '2900', 4, 'https://phantomrentcar.com/car/lamborghini-evo-2/', '2022-12-04 08:10:31'),
(199, 173, '3200', 4, 'https://phantomrentcar.com/car/lamborghini-evo-spyder/', '2022-12-04 08:10:31'),
(200, 174, '3200', 4, 'https://phantomrentcar.com/car/lamborghini-urus/', '2022-12-04 08:10:31'),
(201, 174, '3200', 4, 'https://phantomrentcar.com/car/lamborghini-urus-2/', '2022-12-04 08:10:31'),
(202, 174, '3200', 4, 'https://phantomrentcar.com/car/lamborghini-urus-4/', '2022-12-04 08:10:31'),
(203, 175, '4800', 4, 'https://phantomrentcar.com/car/lamborghini-huracan-sto/', '2022-12-04 08:10:31'),
(204, 174, '3350', 4, 'https://phantomrentcar.com/car/lamborghini-urus-5/', '2022-12-04 08:10:31'),
(205, 174, '3350', 4, 'https://phantomrentcar.com/car/lamborghini-urus-6/', '2022-12-04 08:10:31'),
(206, 173, '3350', 4, 'https://phantomrentcar.com/car/lamborghini-evo-spider-2022/', '2022-12-04 08:10:31'),
(207, 176, '1300', 4, 'https://phantomrentcar.com/car/land-rover-defender/', '2022-12-04 08:10:33'),
(208, 177, '3850', 4, 'https://phantomrentcar.com/car/mclaren-720s-spider/', '2022-12-04 08:10:35'),
(209, 177, '3850', 4, 'https://phantomrentcar.com/car/mclaren-720s-spider-red/', '2022-12-04 08:10:35'),
(210, 178, '360', 4, 'https://phantomrentcar.com/car/mercedes-a35-hatchback/', '2022-12-04 08:10:37'),
(211, 178, '360', 4, 'https://phantomrentcar.com/car/mercedes-a35-hatchback-2/', '2022-12-04 08:10:37'),
(212, 179, '1450', 4, 'https://phantomrentcar.com/car/mercedes-s500-2/', '2022-12-04 08:10:37'),
(213, 180, '1200', 4, 'https://phantomrentcar.com/car/mercedes-gle-63/', '2022-12-04 08:10:37'),
(214, 181, '360', 4, 'https://phantomrentcar.com/car/mercedes-a35-salon/', '2022-12-04 08:10:37'),
(215, 180, '1200', 4, 'https://phantomrentcar.com/car/mercedes-gle-63-2/', '2022-12-04 08:10:37'),
(216, 182, '2250', 4, 'https://phantomrentcar.com/car/mercedes-g63/', '2022-12-04 08:10:37'),
(217, 183, '280', 4, 'https://phantomrentcar.com/car/mercedes-a200/', '2022-12-04 08:10:37'),
(218, 183, '280', 4, 'https://phantomrentcar.com/car/mercedes-a200-2/', '2022-12-04 08:10:37'),
(219, 182, '2000', 4, 'https://phantomrentcar.com/car/mercedes-g63-3/', '2022-12-04 08:10:37'),
(220, 184, '280', 4, 'https://phantomrentcar.com/car/mercedes-a250/', '2022-12-04 08:10:37'),
(221, 185, '640', 4, 'https://phantomrentcar.com/car/mercedes-e300/', '2022-12-04 08:10:37'),
(222, 186, '520', 4, 'https://phantomrentcar.com/car/nissan-patrol-platinum-v8/', '2022-12-04 08:10:39'),
(223, 186, '400', 4, 'https://phantomrentcar.com/car/nissan-patrol-platinum-v8-2/', '2022-12-04 08:10:39'),
(224, 186, '400', 4, 'https://phantomrentcar.com/car/nissan-patrol-platinum-v8-3/', '2022-12-04 08:10:39'),
(225, 187, '950', 4, 'https://phantomrentcar.com/car/nissan-patrol-nismo/', '2022-12-04 08:10:39'),
(226, 187, '950', 4, 'https://phantomrentcar.com/car/nissan-patrol-nismo-2/', '2022-12-04 08:10:39'),
(227, 188, '400', 4, 'https://phantomrentcar.com/car/nissan-patrol-v8/', '2022-12-04 08:10:39'),
(228, 187, '950', 4, 'https://phantomrentcar.com/car/nissan-patrol-nismo-2022/', '2022-12-04 08:10:39'),
(229, 186, '400', 4, 'https://phantomrentcar.com/car/nissan-patrol-platinum-v8-4/', '2022-12-04 08:10:39'),
(230, 189, '900', 4, 'https://phantomrentcar.com/car/porsche-boxster-gts/', '2022-12-04 08:10:41'),
(231, 190, '1450', 4, 'https://phantomrentcar.com/car/porsche-carrera-911/', '2022-12-04 08:10:41'),
(232, 191, '1200', 4, 'https://phantomrentcar.com/car/porsche-cayenne-gts/', '2022-12-04 08:10:41'),
(233, 192, '1600', 4, 'https://phantomrentcar.com/car/porsche-carrera-911-4s/', '2022-12-04 08:10:41'),
(234, 142, '2250', 4, 'https://phantomrentcar.com/car/rolls-royce-wraith/', '2022-12-04 08:10:43'),
(235, 193, '3450', 4, 'https://phantomrentcar.com/car/rolls-royce-cullinan-3/', '2022-12-04 08:10:43'),
(236, 193, '3600', 4, 'https://phantomrentcar.com/car/rolls-royce-cullinan-2021/', '2022-12-04 08:10:43'),
(237, 194, '4400', 4, 'https://phantomrentcar.com/car/rolls-royce-cullinan-black-badge/', '2022-12-04 08:10:43'),
(238, 194, '4400', 4, 'https://phantomrentcar.com/car/rolls-royce-cullinan-black-badge-2/', '2022-12-04 08:10:43'),
(239, 143, '2950', 4, 'https://phantomrentcar.com/car/rolls-royce-dawn/', '2022-12-04 08:10:43'),
(240, 195, '2250', 4, 'https://phantomrentcar.com/car/rolls-royce-ghost-black-badge/', '2022-12-04 08:10:43'),
(241, 142, '2250', 4, 'https://phantomrentcar.com/car/rolls-royce-wraith-2/', '2022-12-04 08:10:43'),
(242, 142, '2250', 4, 'https://phantomrentcar.com/car/rolls-royce-wraith-3/', '2022-12-04 08:10:43'),
(243, 196, '2400', 4, 'https://phantomrentcar.com/car/rolls-royce-wraith-6/', '2022-12-04 08:10:43'),
(244, 196, '2400', 4, 'https://phantomrentcar.com/car/rolls-royce-wraith-black-badge/', '2022-12-04 08:10:43'),
(245, 193, '3450', 4, 'https://phantomrentcar.com/car/rolls-royce-cullinan-2020/', '2022-12-04 08:10:43'),
(246, 197, '299', 5, 'https://quickdrive.ae/fleet/nissan-maxima-2020', '2022-12-04 11:36:05'),
(247, 198, '800', 5, 'https://quickdrive.ae/fleet/nissan-patrol-2022', '2022-12-04 11:36:05'),
(248, 199, '85', 5, 'https://quickdrive.ae/fleet/nissan-sunny-2022', '2022-12-04 11:36:05'),
(249, 200, '180', 5, 'https://quickdrive.ae/fleet/nissan-maxima-2017', '2022-12-04 11:36:05'),
(250, 74, '110', 5, 'https://quickdrive.ae/fleet/nissan-kicks-2021', '2022-12-04 11:36:05'),
(251, 201, '120', 5, 'https://quickdrive.ae/fleet/nissan-altima-2018', '2022-12-04 11:36:05'),
(252, 202, '160', 5, 'https://quickdrive.ae/fleet/nissan-juke-2019', '2022-12-04 11:36:05'),
(253, 203, '75', 5, 'https://quickdrive.ae/fleet/nissan-micra-2019', '2022-12-04 11:36:05'),
(254, 204, '75', 5, 'https://quickdrive.ae/fleet/nissan-sunny-2017', '2022-12-04 11:36:05'),
(255, 205, '120', 5, 'https://quickdrive.ae/fleet/toyota-corolla-2018', '2022-12-04 11:36:06'),
(256, 206, '400', 5, 'https://quickdrive.ae/fleet/toyota-fortuner-2018', '2022-12-04 11:36:06'),
(257, 207, '239', 5, 'https://quickdrive.ae/fleet/toyota-avanza-2019', '2022-12-04 11:36:06'),
(258, 208, '210', 5, 'https://quickdrive.ae/fleet/toyota-camry-2019', '2022-12-04 11:36:06'),
(259, 209, '140', 5, 'https://quickdrive.ae/fleet/toyota-cargo-2019', '2022-12-04 11:36:06'),
(260, 210, '240', 5, 'https://quickdrive.ae/fleet/toyota-fj-cruiser-2019', '2022-12-04 11:36:06'),
(261, 211, '240', 5, 'https://quickdrive.ae/fleet/toyota-hiace-2019', '2022-12-04 11:36:06'),
(262, 212, '270', 5, 'https://quickdrive.ae/fleet/toyota-innova-2019', '2022-12-04 11:36:06'),
(263, 213, '490', 5, 'https://quickdrive.ae/fleet/toyota-land-cruiser-2019', '2022-12-04 11:36:06'),
(264, 214, '200', 5, 'https://quickdrive.ae/fleet/hyundai-tucson-2023', '2022-12-04 11:36:07'),
(265, 215, '120', 5, 'https://quickdrive.ae/fleet/hyundai-elantra', '2022-12-04 11:36:07'),
(266, 79, '120', 5, 'https://quickdrive.ae/fleet/hyundai-creta', '2022-12-04 11:36:07'),
(267, 216, '100', 5, 'https://quickdrive.ae/fleet/hyundai-elantra-2022', '2022-12-04 11:36:07'),
(268, 80, '80', 5, 'https://quickdrive.ae/fleet/hyundai-accent', '2022-12-04 11:36:07'),
(269, 217, '80', 5, 'https://quickdrive.ae/fleet/hyundai-accent-2019', '2022-12-04 11:36:07'),
(270, 218, '90', 5, 'https://quickdrive.ae/fleet/hyundai-accent-2020', '2022-12-04 11:36:07'),
(271, 219, '100', 5, 'https://quickdrive.ae/fleet/hyundai-accent-2022', '2022-12-04 11:36:07'),
(272, 154, '130', 5, 'https://quickdrive.ae/fleet/hyundai-creta-2019', '2022-12-04 11:36:07'),
(273, 88, '140', 5, 'https://quickdrive.ae/fleet/hyundai-creta-2020', '2022-12-04 11:36:07'),
(274, 110, '140', 5, 'https://quickdrive.ae/fleet/mitsubishi-asx-2021', '2022-12-04 11:36:07'),
(275, 156, '85', 5, 'https://quickdrive.ae/fleet/mitsubishi-attrage-2022', '2022-12-04 11:36:07'),
(276, 220, '300', 5, 'https://quickdrive.ae/fleet/mitsubishi-pajero-2021', '2022-12-04 11:36:07'),
(277, 221, '75', 5, 'https://quickdrive.ae/fleet/mitsubishi-attrage-2019', '2022-12-04 11:36:07'),
(278, 222, '85', 5, 'https://quickdrive.ae/fleet/mitsubishi-lancer', '2022-12-04 11:36:07'),
(279, 223, '150', 5, 'https://quickdrive.ae/fleet/mitsubishi-asx-2022', '2022-12-04 11:36:07'),
(280, 224, '95', 5, 'https://quickdrive.ae/fleet/mitsubishi-lancer-2019', '2022-12-04 11:36:07'),
(281, 225, '90', 5, 'https://quickdrive.ae/fleet/mitsubishi-mirage-2019', '2022-12-04 11:36:07'),
(282, 226, '180', 5, 'https://quickdrive.ae/fleet/mitsubishi-outlander-2019', '2022-12-04 11:36:07'),
(283, 227, '220', 5, 'https://quickdrive.ae/fleet/mitsubishi-pajero-2019', '2022-12-04 11:36:07'),
(284, 228, '250', 5, 'https://quickdrive.ae/fleet/renault-koleos-2023', '2022-12-04 11:36:08'),
(285, 229, '75', 5, 'https://quickdrive.ae/fleet/renault-symbol', '2022-12-04 11:36:08'),
(286, 230, '110', 5, 'https://quickdrive.ae/fleet/renault-duster', '2022-12-04 11:36:08'),
(287, 231, '140', 5, 'https://quickdrive.ae/fleet/renault-captur-2019', '2022-12-04 11:36:08'),
(288, 232, '160', 5, 'https://quickdrive.ae/fleet/renault-koleos-2019', '2022-12-04 11:36:08'),
(289, 233, '130', 5, 'https://quickdrive.ae/fleet/renault-megane-2019', '2022-12-04 11:36:08'),
(290, 234, '90', 5, 'https://quickdrive.ae/fleet/renault-symbol-2019', '2022-12-04 11:36:08'),
(291, 235, '200', 5, 'https://quickdrive.ae/fleet/renault-talisman-2019', '2022-12-04 11:36:08'),
(292, 62, '75', 5, 'https://quickdrive.ae/fleet/kia-picanto', '2022-12-04 11:36:08'),
(293, 236, '140', 5, 'https://quickdrive.ae/fleet/kia-sportage-2019', '2022-12-04 11:36:08'),
(294, 237, '120', 5, 'https://quickdrive.ae/fleet/kia-optima', '2022-12-04 11:36:08'),
(295, 238, '120', 5, 'https://quickdrive.ae/fleet/kia-sportage-2018', '2022-12-04 11:36:09'),
(296, 239, '90', 5, 'https://quickdrive.ae/fleet/kia-pegas-2022', '2022-12-04 11:36:09'),
(297, 240, '140', 5, 'https://quickdrive.ae/fleet/kia-seltos-2022', '2022-12-04 11:36:09'),
(298, 241, '80', 5, 'https://quickdrive.ae/fleet/kia-rio', '2022-12-04 11:36:09'),
(299, 242, '250', 5, 'https://quickdrive.ae/fleet/kia-carnival-2019', '2022-12-04 11:36:09'),
(300, 243, '110', 5, 'https://quickdrive.ae/fleet/kia-pegas-2019', '2022-12-04 11:36:09'),
(301, 244, '90', 5, 'https://quickdrive.ae/fleet/kia-pegas-2021', '2022-12-04 11:36:09'),
(302, 245, '140', 5, 'https://quickdrive.ae/fleet/mg-zs-2023', '2022-12-04 11:36:09'),
(303, 246, '160', 5, 'https://quickdrive.ae/fleet/mg-zs-2019', '2022-12-04 11:36:09'),
(304, 247, '2100', 5, 'https://quickdrive.ae/fleet/land-rover-range-rover-evoque-2019', '2022-12-04 11:36:10'),
(305, 248, '2500', 5, 'https://quickdrive.ae/fleet/land-rover-range-rover-sport-2019', '2022-12-04 11:36:10'),
(306, 249, '2500', 5, 'https://quickdrive.ae/fleet/range-rover-vogue-2019', '2022-12-04 11:36:10'),
(307, 250, '790', 5, 'https://quickdrive.ae/fleet/range-rover-evoque-2019', '2022-12-04 11:36:10'),
(308, 50, '990', 5, 'https://quickdrive.ae/fleet/range-rover-sport-2019', '2022-12-04 11:36:10'),
(309, 251, '690', 5, 'https://quickdrive.ae/fleet/range-rover-svr-2019', '2022-12-04 11:36:10'),
(310, 252, '690', 5, 'https://quickdrive.ae/fleet/range-rover-velar-2019', '2022-12-04 11:36:10'),
(311, 253, '180', 5, 'https://quickdrive.ae/fleet/jac-j7-model-2023', '2022-12-04 11:36:10'),
(312, 254, '3000', 5, 'https://quickdrive.ae/fleet/ferrari-488-gtb-2019', '2022-12-04 11:36:11'),
(313, 255, '2990', 5, 'https://quickdrive.ae/fleet/ferrari-488-spyder-2019', '2022-12-04 11:36:11'),
(314, 256, '2990', 5, 'https://quickdrive.ae/fleet/ferrari-812-2019', '2022-12-04 11:36:11'),
(315, 257, '2990', 5, 'https://quickdrive.ae/fleet/ferrari-f12-2019', '2022-12-04 11:36:11'),
(316, 258, '2990', 5, 'https://quickdrive.ae/fleet/ferrari-gtc-lusso-2019', '2022-12-04 11:36:11'),
(317, 259, '300', 5, 'https://quickdrive.ae/fleet/audi-a3-2019', '2022-12-04 11:36:11'),
(318, 260, '400', 5, 'https://quickdrive.ae/fleet/audi-a3-convertible-2019', '2022-12-04 11:36:11'),
(319, 261, '450', 5, 'https://quickdrive.ae/fleet/audi-a5-convertible-2019', '2022-12-04 11:36:11'),
(320, 262, '600', 5, 'https://quickdrive.ae/fleet/audi-q3-2019', '2022-12-04 11:36:11'),
(321, 263, '700', 5, 'https://quickdrive.ae/fleet/audi-q5-2019', '2022-12-04 11:36:11'),
(322, 264, '3000', 5, 'https://quickdrive.ae/fleet/bentley-bentayga-2019', '2022-12-04 11:36:12'),
(323, 265, '5000', 5, 'https://quickdrive.ae/fleet/bentley-bentayga-2022', '2022-12-04 11:36:12'),
(324, 266, '3000', 5, 'https://quickdrive.ae/fleet/bentley-flying-spur-2019', '2022-12-04 11:36:12'),
(325, 267, '5000', 5, 'https://quickdrive.ae/fleet/bentley-flying-spur-2022', '2022-12-04 11:36:12'),
(326, 268, '3000', 5, 'https://quickdrive.ae/fleet/bentley-gtc-convertible-2019', '2022-12-04 11:36:12'),
(327, 269, '2900', 5, 'https://quickdrive.ae/fleet/bentley-gt-coupe-2019', '2022-12-04 11:36:12'),
(328, 270, '400', 5, 'https://quickdrive.ae/fleet/bmw-2-series-2019', '2022-12-04 11:36:13'),
(329, 271, '450', 5, 'https://quickdrive.ae/fleet/bmw-3-series-2019', '2022-12-04 11:36:13'),
(330, 272, '500', 5, 'https://quickdrive.ae/fleet/bmw-4-series-2019', '2022-12-04 11:36:13'),
(331, 8, '600', 5, 'https://quickdrive.ae/fleet/bmw-520i-2022', '2022-12-04 11:36:13'),
(332, 273, '550', 5, 'https://quickdrive.ae/fleet/bmw-5-series-2019', '2022-12-04 11:36:13'),
(333, 274, '850', 5, 'https://quickdrive.ae/fleet/bmw-730li-2022', '2022-12-04 11:36:13'),
(334, 275, '950', 5, 'https://quickdrive.ae/fleet/bmw-740li-2022', '2022-12-04 11:36:13'),
(335, 276, '700', 5, 'https://quickdrive.ae/fleet/bmw-7-series-2019', '2022-12-04 11:36:13'),
(336, 277, '900', 5, 'https://quickdrive.ae/fleet/bmw-x5-2019', '2022-12-04 11:36:13'),
(337, 278, '1200', 5, 'https://quickdrive.ae/fleet/bmw-x5-40i-2022', '2022-12-04 11:36:13'),
(338, 279, '75', 5, 'https://quickdrive.ae/fleet/chevrolet-spark-2020', '2022-12-04 11:36:13'),
(339, 280, '400', 5, 'https://quickdrive.ae/fleet/chevrolet-camaro-2019', '2022-12-04 11:36:13'),
(340, 281, '1350', 5, 'https://quickdrive.ae/fleet/chevrolet-corvette-2019', '2022-12-04 11:36:13'),
(341, 282, '120', 5, 'https://quickdrive.ae/fleet/chevrolet-malibu-2020', '2022-12-04 11:36:13'),
(342, 283, '750', 5, 'https://quickdrive.ae/fleet/chevrolet-silverado-2019', '2022-12-04 11:36:13'),
(343, 284, '75', 5, 'https://quickdrive.ae/fleet/chevrolet-spark-2017', '2022-12-04 11:36:13'),
(344, 285, '75', 5, 'https://quickdrive.ae/fleet/chevrolet-spark-2019', '2022-12-04 11:36:13'),
(345, 286, '750', 5, 'https://quickdrive.ae/fleet/chevrolet-suburban-2019', '2022-12-04 11:36:13'),
(346, 287, '250', 5, 'https://quickdrive.ae/fleet/chevrolet-traverse-2019', '2022-12-04 11:36:13'),
(347, 288, '120', 5, 'https://quickdrive.ae/fleet/chevrolet-trax-2019', '2022-12-04 11:36:13'),
(348, 289, '400', 5, 'https://quickdrive.ae/fleet/ford-mustang-ecoboost-2020', '2022-12-04 11:36:14'),
(349, 290, '110', 5, 'https://quickdrive.ae/fleet/ford-ecosport-2021', '2022-12-04 11:36:14'),
(350, 291, '100', 5, 'https://quickdrive.ae/fleet/ford-focus-2019', '2022-12-04 11:36:14'),
(351, 292, '250', 5, 'https://quickdrive.ae/fleet/honda-accord-2020', '2022-12-04 11:36:14'),
(352, 293, '690', 5, 'https://quickdrive.ae/fleet/lexus-gx-460-2019', '2022-12-04 11:36:15'),
(353, 294, '390', 5, 'https://quickdrive.ae/fleet/lexus-ls-500-2019', '2022-12-04 11:36:15'),
(354, 295, '890', 5, 'https://quickdrive.ae/fleet/lexus-lx-570-2019', '2022-12-04 11:36:15'),
(355, 296, '210', 5, 'https://quickdrive.ae/fleet/lexus-nx-300-2019', '2022-12-04 11:36:15'),
(356, 297, '5490', 5, 'https://quickdrive.ae/fleet/lamborghini-aventador-coupe-2019', '2022-12-04 11:36:15'),
(357, 298, '4490', 5, 'https://quickdrive.ae/fleet/lamborghini-aventador-s-2019', '2022-12-04 11:36:15'),
(358, 299, '5990', 5, 'https://quickdrive.ae/fleet/lamborghini-aventador-s-roadster-2019', '2022-12-04 11:36:15'),
(359, 300, '3990', 5, 'https://quickdrive.ae/fleet/lamborghini-huracan-2019', '2022-12-04 11:36:15'),
(360, 301, '3990', 5, 'https://quickdrive.ae/fleet/lamborghini-huracan-evo-coupe-2019', '2022-12-04 11:36:15'),
(361, 302, '3990', 5, 'https://quickdrive.ae/fleet/lamborghini-huracan-spyder-2019', '2022-12-04 11:36:15'),
(362, 303, '4990', 5, 'https://quickdrive.ae/fleet/lamborghini-urus-2019', '2022-12-04 11:36:15'),
(363, 304, '590', 5, 'https://quickdrive.ae/fleet/maserati-ghibli-2019', '2022-12-04 11:36:15'),
(364, 305, '990', 5, 'https://quickdrive.ae/fleet/maserati-grancabrio-2019', '2022-12-04 11:36:15'),
(365, 306, '990', 5, 'https://quickdrive.ae/fleet/maserati-granturismo-2019', '2022-12-04 11:36:15'),
(366, 307, '490', 5, 'https://quickdrive.ae/fleet/maserati-levante-2019', '2022-12-04 11:36:15'),
(367, 308, '690', 5, 'https://quickdrive.ae/fleet/maserati-quattroporte-s-2019', '2022-12-04 11:36:15'),
(368, 309, '2990', 5, 'https://quickdrive.ae/fleet/mclaren-720s-2019', '2022-12-04 11:36:16'),
(369, 310, '500', 5, 'https://quickdrive.ae/fleet/mercedes-gla-250-2021', '2022-12-04 11:36:16'),
(370, 311, '990', 5, 'https://quickdrive.ae/fleet/mercedes-amg-gts-2019', '2022-12-04 11:36:16'),
(371, 312, '250', 5, 'https://quickdrive.ae/fleet/mercedes-c-200-2019', '2022-12-04 11:36:16'),
(372, 313, '290', 5, 'https://quickdrive.ae/fleet/mercedes-c-300-2019', '2022-12-04 11:36:16'),
(373, 314, '290', 5, 'https://quickdrive.ae/fleet/mercedes-e-200-2019', '2022-12-04 11:36:16'),
(374, 315, '390', 5, 'https://quickdrive.ae/fleet/mercedes-e-250-2019', '2022-12-04 11:36:16'),
(375, 316, '390', 5, 'https://quickdrive.ae/fleet/mercedes-e-300-2019', '2022-12-04 11:36:16'),
(376, 317, '590', 5, 'https://quickdrive.ae/fleet/mercedes-e350-2019-hybrid', '2022-12-04 11:36:16'),
(377, 318, '2490', 5, 'https://quickdrive.ae/fleet/mercedes-g63-amg-2020', '2022-12-04 11:36:16'),
(378, 319, '590', 5, 'https://quickdrive.ae/fleet/mercedes-s-450-2019', '2022-12-04 11:36:16'),
(379, 320, '150', 5, 'https://quickdrive.ae/fleet/peugeot-2008-active-2023', '2022-12-04 11:36:17'),
(380, 321, '100', 5, 'https://quickdrive.ae/fleet/peugeot-208-2019', '2022-12-04 11:36:17'),
(381, 322, '155', 5, 'https://quickdrive.ae/fleet/peugeot-3008-2019-allure', '2022-12-04 11:36:17'),
(382, 323, '165', 5, 'https://quickdrive.ae/fleet/peugeot-3008-active-2020', '2022-12-04 11:36:17'),
(383, 324, '165', 5, 'https://quickdrive.ae/fleet/peugeot-3008-active-2022', '2022-12-04 11:36:17'),
(384, 325, '240', 5, 'https://quickdrive.ae/fleet/peugeot-3008-gt-line-2019', '2022-12-04 11:36:17'),
(385, 326, '1390', 5, 'https://quickdrive.ae/fleet/porsche-911-carrera-2019', '2022-12-04 11:36:17'),
(386, 327, '740', 5, 'https://quickdrive.ae/fleet/porsche-cayenne-gts-2019', '2022-12-04 11:36:17'),
(387, 328, '690', 5, 'https://quickdrive.ae/fleet/porsche-cayenne-gts-turbo-2019', '2022-12-04 11:36:17'),
(388, 329, '990', 5, 'https://quickdrive.ae/fleet/porsche-macan-turbo-2019', '2022-12-04 11:36:17'),
(389, 330, '3290', 5, 'https://quickdrive.ae/fleet/rolls-royce-cullinan-2019', '2022-12-04 11:36:18'),
(390, 331, '4490', 5, 'https://quickdrive.ae/fleet/rolls-royce-dawn-2019', '2022-12-04 11:36:18'),
(391, 332, '2990', 5, 'https://quickdrive.ae/fleet/rolls-royce-ghost-2019', '2022-12-04 11:36:18'),
(392, 333, '2490', 5, 'https://quickdrive.ae/fleet/rolls-royce-wraith-2019', '2022-12-04 11:36:18'),
(393, 334, '270', 5, 'https://quickdrive.ae/fleet/volkswagen-passat-2019', '2022-12-04 11:36:18'),
(394, 335, '240', 5, 'https://quickdrive.ae/fleet/volkswagen-caddy-2019', '2022-12-04 11:36:18'),
(395, 336, '190', 5, 'https://quickdrive.ae/fleet/volkswagen-jetta-2019', '2022-12-04 11:36:18'),
(396, 337, '80', 5, 'https://quickdrive.ae/fleet/mazda-3-2017', '2022-12-04 11:36:19'),
(397, 338, '90', 5, 'https://quickdrive.ae/fleet/mazda-3-2018', '2022-12-04 11:36:19'),
(398, 339, '90', 5, 'https://quickdrive.ae/fleet/mazda-3-2019', '2022-12-04 11:36:19'),
(399, 340, '110', 5, 'https://quickdrive.ae/fleet/mazda-cx-3-2018', '2022-12-04 11:36:19'),
(400, 341, '120', 5, 'https://quickdrive.ae/fleet/mazda-cx-3-2019', '2022-12-04 11:36:19'),
(401, 342, '150', 5, 'https://quickdrive.ae/fleet/mazda-cx-5-2019', '2022-12-04 11:36:19'),
(402, 343, '170', 5, 'https://quickdrive.ae/fleet/mazda-cx-5-2021', '2022-12-04 11:36:19'),
(403, 344, '240', 5, 'https://quickdrive.ae/fleet/mazda-cx-5-2022', '2022-12-04 11:36:19'),
(404, 345, '300', 5, 'https://quickdrive.ae/fleet/citroen-c5-2023', '2022-12-04 11:36:19');

-- --------------------------------------------------------

--
-- Table structure for table `car_brand_tbl`
--

DROP TABLE IF EXISTS `car_brand_tbl`;
CREATE TABLE IF NOT EXISTS `car_brand_tbl` (
  `id` int(11) NOT NULL AUTO_INCREMENT,
  `name` varchar(50) NOT NULL,
  PRIMARY KEY (`id`),
  UNIQUE KEY `car_brand_tbl_uc0` (`name`)
) ENGINE=MyISAM AUTO_INCREMENT=41 DEFAULT CHARSET=latin1;

--
-- Dumping data for table `car_brand_tbl`
--

INSERT INTO `car_brand_tbl` (`id`, `name`) VALUES
(1, 'Audi'),
(2, 'BMW'),
(3, 'Cadillac'),
(4, 'Chevrolet'),
(5, 'Ferrari'),
(6, 'Fiat'),
(7, 'Ford'),
(8, 'GMC'),
(9, 'Infinity'),
(10, 'Jeep'),
(11, 'KIA'),
(12, 'Lamborghini'),
(13, 'Lotus'),
(14, 'Mercedes Benz'),
(15, 'Mini Cooper'),
(16, 'Nissan'),
(17, 'Peugeot'),
(18, 'Porsche'),
(19, 'Range Rover'),
(20, 'Renault'),
(21, 'Rolls Royce'),
(22, 'Suzuki'),
(23, 'Tesla'),
(24, 'Toyota'),
(25, 'Volkswagen'),
(26, 'Hyundai'),
(27, 'Mitsubishi'),
(28, 'Mercedes'),
(29, 'Lexus'),
(30, 'Mazda'),
(31, 'Genesis'),
(32, 'Infiniti'),
(33, 'Land Rover'),
(34, 'BENTLEY'),
(35, 'MCLAREN'),
(36, 'MG'),
(37, 'JAC'),
(38, 'Honda'),
(39, 'Maserati'),
(40, 'Citroen');

-- --------------------------------------------------------

--
-- Table structure for table `car_model_tbl`
--

DROP TABLE IF EXISTS `car_model_tbl`;
CREATE TABLE IF NOT EXISTS `car_model_tbl` (
  `id` int(11) NOT NULL AUTO_INCREMENT,
  `name` varchar(50) NOT NULL,
  `car_brand_id` int(11) NOT NULL,
  `image_url` varchar(300) NOT NULL,
  PRIMARY KEY (`id`),
  UNIQUE KEY `car_model_tbl_uc0` (`name`),
  KEY `car_model_tbl_fk0` (`car_brand_id`)
) ENGINE=MyISAM AUTO_INCREMENT=346 DEFAULT CHARSET=latin1;

--
-- Dumping data for table `car_model_tbl`
--

INSERT INTO `car_model_tbl` (`id`, `name`, `car_brand_id`, `image_url`) VALUES
(1, 'A6 2020 ', 1, 'https://xcarrental.com/wp-content/uploads/2020/08/Audi-A6-Rental-Dubai-700x426.jpg'),
(2, 'A6 Black ', 1, 'https://xcarrental.com/wp-content/uploads/2019/09/audi-a6-black-rental-in-dubai-700x426.png'),
(3, 'A6 White ', 1, 'https://xcarrental.com/wp-content/uploads/2019/09/Audi-A6-Hire-in-Dubai-700x426.png'),
(4, 'A3 ', 1, 'https://xcarrental.com/wp-content/uploads/2018/07/Audi-A3-1-700x426.png'),
(5, 'Z4 2022 ', 2, 'https://xcarrental.com/wp-content/uploads/2022/05/BMW-Z4-Rental-Dubai-700x426.jpg'),
(6, '7 Series ', 2, 'https://xcarrental.com/wp-content/uploads/2018/07/Rent-BMW-7-Series-in-Dubai-700x426.png'),
(7, '430i 2022 ', 2, 'https://xcarrental.com/wp-content/uploads/2022/05/BMW-430-2022-Rental-Dubai-700x466.jpg'),
(8, '5 Series 2019 ', 2, 'https://xcarrental.com/wp-content/uploads/2019/09/BMW-5-Series-Rental-in-Dubai-700x426.png'),
(9, '430i Convertible ', 2, 'https://xcarrental.com/wp-content/uploads/2020/08/BMW-430-Rent-Dubai-700x426.jpg'),
(10, '4 Series Convertible ', 2, 'https://xcarrental.com/wp-content/uploads/2019/09/Rent-BMW-4-Series-in-Dubai-700x426.png'),
(11, 'Escalade 2021 ', 3, 'https://xcarrental.com/wp-content/uploads/2021/04/Cadillac-Escalade-2021-Rental-Dubai.jpg'),
(12, 'Escalade ', 3, 'https://xcarrental.com/wp-content/uploads/2019/09/Cadillac-Escalade-Rental-in-Dubai-700x426.png'),
(13, 'ATS ', 3, 'https://xcarrental.com/wp-content/uploads/2018/08/Cadillac-ATS--700x426.png'),
(14, 'Corvette Spyder 2022 ', 4, 'https://xcarrental.com/wp-content/uploads/2022/05/Chevrolet-Corvette-C8-Spyder-Rental-Dubai-700x426.jpg'),
(15, 'Corvette 2021 ', 4, 'https://xcarrental.com/wp-content/uploads/2020/11/Corvette-Rental-Dubai-700x426.jpg'),
(16, 'Camaro 2020 ', 4, 'https://xcarrental.com/wp-content/uploads/2022/03/Chevrolet-Camaro-Rental-Dubai-700x426.jpg'),
(17, 'Camaro 2021 ', 4, 'https://xcarrental.com/wp-content/uploads/2022/04/Chevrolet-Camaro-2021-Rental-Dubai-700x426.jpg'),
(18, 'Impala ', 4, 'https://xcarrental.com/wp-content/uploads/2019/03/Chevrolet-Impala-1-700x426.jpg'),
(19, 'Trailblazer ', 4, 'https://xcarrental.com/wp-content/uploads/2018/07/chevrolet-700x426.png'),
(20, '488 GTB ', 5, 'https://xcarrental.com/wp-content/uploads/2018/07/Ferrari-488-GTB-Rental-Dubai-700x426.png'),
(21, 'California ', 5, 'https://xcarrental.com/wp-content/uploads/2019/09/Rent-Ferrari-California-in-Dubai-700x426.png'),
(22, '500 ', 6, 'https://xcarrental.com/wp-content/uploads/2018/07/fiat-500-rental-dubai-1-700x426.png'),
(23, 'Mustang Convertible V4 ', 7, 'https://xcarrental.com/wp-content/uploads/2022/09/Mustang-Convertible-Rental-Dubai-1-700x426.jpg'),
(24, 'Mustang GT 5.0 2021 ', 7, 'https://xcarrental.com/wp-content/uploads/2022/11/Ford-Mustang-2021-Rental-Dubai-700x466.jpg'),
(25, 'Mustang GT V8 ', 7, 'https://xcarrental.com/wp-content/uploads/2022/03/Ford-Mustang-GT-Rental-Dubai-700x426.jpg'),
(26, 'Mustang ', 7, 'https://xcarrental.com/wp-content/uploads/2020/08/Ford-Mustang-Hire-in-Dubai-700x426.jpg'),
(27, 'Explorer ', 7, 'https://xcarrental.com/wp-content/uploads/2018/07/ford-explorer-2016-white.png'),
(28, 'Yukon Denali ', 8, 'https://xcarrental.com/wp-content/uploads/2022/08/GMC-Denali-Rent-in-Dubai-700x426.jpg'),
(29, 'Yukon ', 8, 'https://xcarrental.com/wp-content/uploads/2022/05/GMC-Yukon-Rental-Dubai-700x466.jpg'),
(30, 'Acadia ', 8, 'https://xcarrental.com/wp-content/uploads/2020/08/GMC-Acadia-Rental-Dubai-700x426.jpg'),
(31, 'Q50 ', 9, 'https://xcarrental.com/wp-content/uploads/2018/12/infinity-q-50-700x426.png'),
(32, 'Wrangler 2020 ', 10, 'https://xcarrental.com/wp-content/uploads/2020/03/jeep-wrangler-rental-dubai-4.jpg'),
(33, 'Wrangler ', 10, 'https://xcarrental.com/wp-content/uploads/2019/02/Jeep-Wrangler-Rental-in-Dubai-700x426.png'),
(34, 'Cerato ', 11, 'https://xcarrental.com/wp-content/uploads/2018/07/kia-cerato.png'),
(35, 'Urus 2021 ', 12, 'https://xcarrental.com/wp-content/uploads/2021/05/Lamborghini-Urus-Rental-Dubai-700x426.jpg'),
(36, 'Huracan Evo Spyder 2022 ', 12, 'https://xcarrental.com/wp-content/uploads/2022/01/Lamborghini-Huracan-EVO-Convertible-Car-Rental-Dubai-700x426.jpg'),
(37, 'Evora 400 2021 ', 13, 'https://xcarrental.com/wp-content/uploads/2021/04/Lotus-Evora-Rental-Dubai-700x426.jpg'),
(38, 'Mini Cooper Countryman ', 15, 'https://xcarrental.com/wp-content/uploads/2019/09/Mini-Cooper-Countryman-Rental-in-Dubai-700x426.png'),
(39, 'Patrol Platinum ', 16, 'https://xcarrental.com/wp-content/uploads/2019/09/Nissan-Patrol-Platinum-Rental-in-Dubai-700x426.png'),
(40, 'Patrol ', 16, 'https://xcarrental.com/wp-content/uploads/2018/07/2-front-nissan-patrol-700x426.png'),
(41, 'Maxima ', 16, 'https://xcarrental.com/wp-content/uploads/2018/11/Nissan-Maxima-2-700x466.jpg'),
(42, 'Xtrail ', 16, 'https://xcarrental.com/wp-content/uploads/2018/07/nissan-xtrail.png'),
(43, 'Altima ', 16, 'https://xcarrental.com/wp-content/uploads/2018/07/Nissan-Altima-Rental-in-Dubai-700x426.png'),
(44, '301 ', 17, 'https://xcarrental.com/wp-content/uploads/2018/07/2-PEUGEOT-SIDE-700x426.png'),
(45, 'Boxster 2019 ', 18, 'https://xcarrental.com/wp-content/uploads/2019/08/porsche-boxster-2019-price-in-uae-1-700x426.png'),
(46, 'Cayman ', 18, 'https://xcarrental.com/wp-content/uploads/2018/07/Rent-Porsche-Cayman-in-Dubai-700x426.png'),
(47, 'Range Rover SVR 2020 ', 19, 'https://xcarrental.com/wp-content/uploads/2021/06/Range-Rover-SVR-Rental-Dubai-700x426.jpg'),
(48, 'Range Rover Sport 2021 ', 19, 'https://xcarrental.com/wp-content/uploads/2022/01/Range-Rover-Sport-2021-Rental-Dubai-700x426.jpg'),
(49, 'Range Rover Vogue HSE 2019 ', 19, 'https://xcarrental.com/wp-content/uploads/2019/09/Rent-Range-Rover-Vogue-2019-in-Dubai-700x426.png'),
(50, 'Range Rover Sport 2019 ', 19, 'https://xcarrental.com/wp-content/uploads/2019/09/Range-Rover-Sport-Rental-in-Dubai-700x426.png'),
(51, 'Range Rover Defender 2021 ', 19, 'https://xcarrental.com/wp-content/uploads/2021/05/Range-Rover-Defender-Rental-Dubai-700x466.jpg'),
(52, 'Range Rover Vogue ', 19, 'https://xcarrental.com/wp-content/uploads/2019/09/Range-Rover-Vogue-Black-Rental-in-Dubai-700x426.png'),
(53, 'Rolls Royce Cullinan 2022 ', 21, 'https://xcarrental.com/wp-content/uploads/2022/02/Rolls-Royce-Cullinan-Rental-Dubai-1-700x457.jpeg'),
(54, 'Rolls Royce Wraith 2018 ', 21, 'https://xcarrental.com/wp-content/uploads/2020/01/Rent-Rolls-Royce-Wraith-2018-in-Dubai.jpg'),
(55, 'Rolls Royce Ghost ', 21, 'https://xcarrental.com/wp-content/uploads/2019/09/Rolls-Royce-Ghost-Rent-in-Dubai-700x426.png'),
(56, 'Baleno ', 22, 'https://xcarrental.com/wp-content/uploads/2018/07/suzuki-baleno.png'),
(57, 'Model 3 ', 23, 'https://xcarrental.com/wp-content/uploads/2020/10/Tesla-Model-3-Rental-Dubai.jpg'),
(58, 'Tundra ', 24, 'https://xcarrental.com/wp-content/uploads/2018/07/toyota-tundra.png'),
(59, 'Corolla ', 24, 'https://xcarrental.com/wp-content/uploads/2018/07/toyota-corolla-700x426.png'),
(60, 'Jetta ', 25, 'https://xcarrental.com/wp-content/uploads/2018/07/Volkswagen-Jetta-Rental-Dubai-700x426.png'),
(61, 'Pegas ', 11, 'data:image/svg+xml;nitro-empty-id=OTA2OjI0Ng==-1;base64,PHN2ZyB2aWV3Qm94PSIwIDAgMzAwIDE5OCIgd2lkdGg9IjMwMCIgaGVpZ2h0PSIxOTgiIHhtbG5zPSJodHRwOi8vd3d3LnczLm9yZy8yMDAwL3N2ZyI+PC9zdmc+'),
(62, 'Picanto ', 11, 'data:image/svg+xml;nitro-empty-id=OTY5OjI0Mg==-1;base64,PHN2ZyB2aWV3Qm94PSIwIDAgMzAwIDE5OCIgd2lkdGg9IjMwMCIgaGVpZ2h0PSIxOTgiIHhtbG5zPSJodHRwOi8vd3d3LnczLm9yZy8yMDAwL3N2ZyI+PC9zdmc+'),
(63, 'Rio 2021 ', 11, 'data:image/svg+xml;nitro-empty-id=MTAzMDoyODQ=-1;base64,PHN2ZyB2aWV3Qm94PSIwIDAgMzAwIDE5OCIgd2lkdGg9IjMwMCIgaGVpZ2h0PSIxOTgiIHhtbG5zPSJodHRwOi8vd3d3LnczLm9yZy8yMDAwL3N2ZyI+PC9zdmc+'),
(64, 'Picanto 2021 ', 11, 'data:image/svg+xml;nitro-empty-id=MTA5MToyNDQ=-1;base64,PHN2ZyB2aWV3Qm94PSIwIDAgMzAwIDIwOSIgd2lkdGg9IjMwMCIgaGVpZ2h0PSIyMDkiIHhtbG5zPSJodHRwOi8vd3d3LnczLm9yZy8yMDAwL3N2ZyI+PC9zdmc+'),
(65, 'Pegas 2023 ', 11, 'data:image/svg+xml;nitro-empty-id=MTIxMzoyNTg=-1;base64,PHN2ZyB2aWV3Qm94PSIwIDAgMzAwIDE5OCIgd2lkdGg9IjMwMCIgaGVpZ2h0PSIxOTgiIHhtbG5zPSJodHRwOi8vd3d3LnczLm9yZy8yMDAwL3N2ZyI+PC9zdmc+'),
(66, 'Pegas 2023 Full Options ', 11, 'data:image/svg+xml;nitro-empty-id=MTI3NDoyNTI=-1;base64,PHN2ZyB2aWV3Qm94PSIwIDAgMzAwIDE5OCIgd2lkdGg9IjMwMCIgaGVpZ2h0PSIxOTgiIHhtbG5zPSJodHRwOi8vd3d3LnczLm9yZy8yMDAwL3N2ZyI+PC9zdmc+'),
(67, 'STINGER ', 11, 'data:image/svg+xml;nitro-empty-id=MTMzNToyODE=-1;base64,PHN2ZyB2aWV3Qm94PSIwIDAgMzAwIDE5OCIgd2lkdGg9IjMwMCIgaGVpZ2h0PSIxOTgiIHhtbG5zPSJodHRwOi8vd3d3LnczLm9yZy8yMDAwL3N2ZyI+PC9zdmc+'),
(68, 'K5 2021 ', 11, 'data:image/svg+xml;nitro-empty-id=MTM5NjoyNDU=-1;base64,PHN2ZyB2aWV3Qm94PSIwIDAgMzAwIDE5OCIgd2lkdGg9IjMwMCIgaGVpZ2h0PSIxOTgiIHhtbG5zPSJodHRwOi8vd3d3LnczLm9yZy8yMDAwL3N2ZyI+PC9zdmc+'),
(69, 'Sportage ', 11, 'data:image/svg+xml;nitro-empty-id=MTQ1NzoyNjk=-1;base64,PHN2ZyB2aWV3Qm94PSIwIDAgMzAwIDE5OCIgd2lkdGg9IjMwMCIgaGVpZ2h0PSIxOTgiIHhtbG5zPSJodHRwOi8vd3d3LnczLm9yZy8yMDAwL3N2ZyI+PC9zdmc+'),
(70, 'Micra ', 16, 'https://rentalcarsuae.com/wp-content/uploads/2021/04/Nissan-Micra-2021-rental-cars-dubai-300x209.jpg'),
(71, 'Sentra 2021 ', 16, 'https://rentalcarsuae.com/wp-content/uploads/2021/06/Nissan-Sentra-2021-dubai-1-300x209.jpg'),
(72, 'Sunny 2021 ', 16, 'https://rentalcarsuae.com/wp-content/uploads/2021/06/Nissan-Sunny-2021-rental-cars-dubai-300x209.jpg'),
(73, 'Navara 2021 ', 16, 'https://rentalcarsuae.com/wp-content/uploads/2021/07/nissan-navara-300x170.jpg'),
(74, 'Kicks 2021 ', 16, 'https://rentalcarsuae.com/wp-content/uploads/2022/10/Rent-Nissan-Kicks-in-Dubai-300x198.jpg'),
(75, 'Urvan 2021 ', 16, 'https://rentalcarsuae.com/wp-content/uploads/2021/08/nissan-urvan-300x167.jpg'),
(76, 'Kicks ', 16, 'https://rentalcarsuae.com/wp-content/uploads/2017/09/nissan-kicks-2021-rent-in-dubai-300x209.jpg'),
(77, 'Kicks 2023 ', 16, 'https://rentalcarsuae.com/wp-content/uploads/2022/10/Rent-Nissan-Kicks-2023-in-Dubai-300x198.jpg'),
(78, 'X-Trail 2021 ', 16, 'https://rentalcarsuae.com/wp-content/uploads/2021/08/Nissan-XTrail-2021-300x198.jpg'),
(79, 'Creta ', 26, 'https://rentalcarsuae.com/wp-content/uploads/2022/01/Rent-a-Creta-2018-in-Dubai-300x198.jpg'),
(80, 'Accent ', 26, 'https://rentalcarsuae.com/wp-content/uploads/2022/03/rent-hyundai-accent-in-dubai-300x198.jpg'),
(81, 'Ioniq 2021 ', 26, 'https://rentalcarsuae.com/wp-content/uploads/2021/07/Hyundai-Ioniq-2021-rent-a-car-dubai-300x198.jpg'),
(82, 'H1 2021 ', 26, 'https://rentalcarsuae.com/wp-content/uploads/2021/07/Hyundai-H1-2021-rental-dubai-min-300x209.jpg'),
(83, 'Elantra ', 26, 'https://rentalcarsuae.com/wp-content/uploads/2016/11/Hyundai-Elantra-2017-rent-a-car-Dubai-300x198.jpg'),
(84, 'Kona ', 26, 'https://rentalcarsuae.com/wp-content/uploads/2021/07/Rent-Hyundai-Kona-in-Dubai-300x198.jpg'),
(85, 'Elantra 2021 ', 26, 'https://rentalcarsuae.com/wp-content/uploads/2021/06/hyundai-elantra-2021-rent-a-car-in-dubai-300x198.jpg'),
(86, 'Veloster 2021 ', 26, 'https://rentalcarsuae.com/wp-content/uploads/2021/07/hyundai-veloster-rent-in-dubai-300x209.jpg'),
(87, 'Sonata 2021 ', 26, 'https://rentalcarsuae.com/wp-content/uploads/2021/06/Hyundai-Sonata-2021-rental-in-dubai-1-300x198.jpg'),
(88, 'Creta 2020 ', 26, 'https://rentalcarsuae.com/wp-content/uploads/2019/10/Hyundai-Creta-2020-Rent-a-car-Dubai-300x198.jpg'),
(89, 'Yaris Hatchback 2021 ', 24, 'https://rentalcarsuae.com/wp-content/uploads/2021/08/Toyota-Yaris-Hatchback-2021-car-rentals-dubai-300x209.jpg'),
(90, 'Yaris 2021 ', 24, 'https://rentalcarsuae.com/wp-content/uploads/2021/07/Toyota-Yaris-2021-dubai-rentals-1-300x198.jpg'),
(91, 'Yaris ', 24, 'https://rentalcarsuae.com/wp-content/uploads/2018/09/Toyota-Yaris-Hatchback-2021-car-rentals-dubai-300x198.jpg'),
(92, 'Corolla 2021 ', 24, 'https://rentalcarsuae.com/wp-content/uploads/2021/06/rent-Toyota-Corolla-2021-in-dubai-2-300x209.jpg'),
(93, 'Camry 2021 ', 24, 'https://rentalcarsuae.com/wp-content/uploads/2021/07/Toyota-Camry-2021-hybrid-rental-dubai-300x209.jpg'),
(94, 'Camry ', 24, 'https://rentalcarsuae.com/wp-content/uploads/2018/02/toyota-camry-2021-300x173.jpg'),
(95, 'Corolla Cross 2023 ', 24, 'https://rentalcarsuae.com/wp-content/uploads/2022/10/Rent-Toyota-Corolla-Cross-2023-in-Dubai-300x198.jpg'),
(96, 'Granvia 2021 ', 24, 'https://rentalcarsuae.com/wp-content/uploads/2021/07/Toyota-Granvia-2021-rent-in-dubai-300x209.jpg'),
(97, 'Hilux 2021 ', 24, 'https://rentalcarsuae.com/wp-content/uploads/2021/07/toyota-hilux-2021-rent-in-dubai-300x209.jpg'),
(98, 'Rush 2023  Brand New ', 24, 'https://rentalcarsuae.com/wp-content/uploads/2022/10/Rent-a-Toyota-Rush-2023-in-Dubai-300x198.jpg'),
(99, 'Aveo ', 4, 'https://rentalcarsuae.com/wp-content/uploads/2018/05/Chevrolet-Aveo-2018-rental-cars-uae-300x198.jpg'),
(100, 'Spark ', 4, 'https://rentalcarsuae.com/wp-content/uploads/2021/07/rent-Chevrolet-Spark-2022-in-Dubai-1-300x209.jpg'),
(101, 'Spark 2022 ', 4, 'https://rentalcarsuae.com/wp-content/uploads/2021/07/rent-Chevrolet-Spark-2022-in-Dubai-1-300x209.jpg'),
(102, 'Cruze ', 4, 'https://rentalcarsuae.com/wp-content/uploads/2017/10/Chevrolet-Cruze-dubai-airport-car-rentals-1-300x209.jpg'),
(103, 'Equinox 2021 ', 4, 'https://rentalcarsuae.com/wp-content/uploads/2021/06/rent-a-Chevrolet-Equinox-2021-dubai-300x209.jpg'),
(104, 'Traverse 2021 ', 4, 'https://rentalcarsuae.com/wp-content/uploads/2021/06/rent-Chevrolet-Traverse-2021-best-rentals-in-dubai-300x209.jpg'),
(105, 'Malibu ', 4, 'https://rentalcarsuae.com/wp-content/uploads/2018/05/Chevrolet-Malibu-rental-cars-uae-300x209.jpg'),
(106, 'Groove 2021 ', 4, 'https://rentalcarsuae.com/wp-content/uploads/2021/08/Chevrolet-Groove-2021-rental-cars-dubai-300x198.jpg'),
(107, 'Captiva 2021 ', 4, 'https://rentalcarsuae.com/wp-content/uploads/2021/06/checvrolet-captiva-2021-rent-in-dubai-300x209.jpg'),
(108, 'Blazer 2021 ', 4, 'https://rentalcarsuae.com/wp-content/uploads/2021/06/Chevrolet-Blazer-2021-300x209.jpg'),
(109, 'Attrage ', 27, 'https://rentalcarsuae.com/wp-content/uploads/2021/07/Mitsubishi-Attrage-2021-rental-cars-dubai-300x198.jpg'),
(110, 'ASX 2021 ', 27, 'https://rentalcarsuae.com/wp-content/uploads/2021/07/2020-mitsubishi-asx-rent-in-dubai-300x209.jpg'),
(111, 'Eclipse Cross 2021 ', 27, 'https://rentalcarsuae.com/wp-content/uploads/2020/03/mitsubishi-eclipse-2021-300x209.jpg'),
(112, 'Xpander 2021 ', 27, 'https://rentalcarsuae.com/wp-content/uploads/2021/07/mitsubishi-expander-2021-rent-in-dubai-300x198.jpg'),
(113, 'Outlander 2021 ', 27, 'https://rentalcarsuae.com/wp-content/uploads/2021/07/Mitsubishi-Outlander-2021-rental-dubai-300x209.jpg'),
(114, 'Megane 2021 ', 20, 'https://rentalcarsuae.com/wp-content/uploads/2021/08/Renault-Megane-2021-for-rentals-in-dubai-300x198.jpg'),
(115, 'Duster 2021 ', 20, 'https://rentalcarsuae.com/wp-content/uploads/2021/08/Renault-duster-2021-rental-cars-dubai-300x198.jpg'),
(116, 'Koleos 2021 ', 20, 'https://rentalcarsuae.com/wp-content/uploads/2021/08/Renault-Koleos-2021-rentals-services-in-dubai-300x198.jpg'),
(117, 'Zoe 2021 ', 20, 'https://rentalcarsuae.com/wp-content/uploads/2021/08/rent-Renault-Zoe-2021-in-dubai-300x198.jpg'),
(118, 'E Class ', 28, 'https://rentalcarsuae.com/wp-content/uploads/2021/09/Mercedes-E-Class-rental-cars-uae-300x198.jpg'),
(119, 'C Class ', 28, 'https://rentalcarsuae.com/wp-content/uploads/2021/09/Mercedes-C-Class-rent-a-car-dubai-300x198.jpg'),
(120, 'S Class ', 28, 'https://rentalcarsuae.com/wp-content/uploads/2021/09/Mercedes-S-Class-rent-a-car-dubai-300x198.jpg'),
(121, 'G63  Brand New ', 28, 'https://rentalcarsuae.com/wp-content/uploads/2017/02/Mercedes-G63-Brand-New-for-rent-in-dubai-300x198.jpg'),
(122, 'A3 2021 ', 1, 'https://rentalcarsuae.com/wp-content/uploads/2021/10/audi-A3-rent-a-car-Dubai-UAE-300x198.jpg'),
(123, 'A3 2022 ', 1, 'https://rentalcarsuae.com/wp-content/uploads/2021/10/audi-A3-rent-a-car-Dubai-black-300x198.jpg'),
(124, '5 Series ', 2, 'https://rentalcarsuae.com/wp-content/uploads/2017/02/rent-BMW-5-Series-in-dubai-uae-300x198.jpg'),
(125, 'Escort 2021 ', 7, 'https://rentalcarsuae.com/wp-content/uploads/2021/08/Ford-Escort-2021-rent-in-dubai-300x198.jpg'),
(126, 'Ecosport ', 7, 'https://rentalcarsuae.com/wp-content/uploads/2022/11/Rent-Ford-EcoSport-in-Dubai-300x198.jpg'),
(127, 'Escape ', 7, 'https://rentalcarsuae.com/wp-content/uploads/2022/11/Rent-Ford-Escape-in-Dubai-300x198.jpg'),
(128, 'Edge ', 7, 'https://rentalcarsuae.com/wp-content/uploads/2018/05/rent-ford-edge-2021-rentals-service-300x198.jpg'),
(129, 'Territory ', 7, 'https://rentalcarsuae.com/wp-content/uploads/2022/11/Rent-Ford-Territory-in-Dubai-300x198.jpg'),
(130, 'Explorer 2021 ', 7, 'https://rentalcarsuae.com/wp-content/uploads/2021/08/ford-explorer-2021-rent-a-car-dubai-uae-300x198.jpg'),
(131, 'Expedition 2021 ', 7, 'https://rentalcarsuae.com/wp-content/uploads/2021/08/Ford-Expedition-2021-rent-in-dubai-300x198.jpg'),
(132, 'Edge 2021 ', 7, 'https://rentalcarsuae.com/wp-content/uploads/2021/08/ford-edge-2021-rentals-service-300x198.jpg'),
(133, 'Taurus 2021 ', 7, 'https://rentalcarsuae.com/wp-content/uploads/2021/08/Ford-Taurus-2021-for-rent-in-dubai-300x198.jpg'),
(134, 'Mustang 2021 ', 7, 'https://rentalcarsuae.com/wp-content/uploads/2021/08/ford-mustang-2020-rent-in-car-dubai-300x198.jpg'),
(135, 'UX 2020 ', 29, 'https://rentalcarsuae.com/wp-content/uploads/2021/10/lexus-ux-2020-for-rent-in-dubai-300x198.jpg'),
(136, 'LX570 ', 29, 'https://rentalcarsuae.com/wp-content/uploads/2021/11/Rent-a-Lexus-LX570-in-Dubai-1-300x198.jpg'),
(137, '2 Hatchback 2021 ', 30, 'https://rentalcarsuae.com/wp-content/uploads/2021/08/Kia-rio-2021-hatchback-rent-a-car-dubai-300x198.jpg'),
(138, '6 ', 30, 'https://rentalcarsuae.com/wp-content/uploads/2017/02/mazda-6-for-rent-in-dubai-300x209.jpg'),
(139, 'CX-3 ', 30, 'https://rentalcarsuae.com/wp-content/uploads/2022/11/Rent-Mazda-CX-3-in-Dubai-300x198.jpg'),
(140, 'CX-30 ', 30, 'https://rentalcarsuae.com/wp-content/uploads/2022/11/Rent-Mazda-CX-30-in-Dubai-300x198.jpg'),
(141, 'CX-5 ', 30, 'https://rentalcarsuae.com/wp-content/uploads/2022/11/Rent-Mazda-CX-5-in-Dubai-300x198.jpg'),
(142, 'Rolls Royce Wraith ', 21, 'https://rentalcarsuae.com/wp-content/uploads/2021/09/rent-a-Rolls-Royce-Wraith-2022-Dubai-300x198.jpg'),
(143, 'Rolls Royce Dawn ', 21, 'https://rentalcarsuae.com/wp-content/uploads/2021/09/rolls-royce-dawn-rent-a-car-dubai-300x198.jpg'),
(144, 'G70 ', 31, 'https://rentalcarsuae.com/wp-content/uploads/2022/11/Rent-Genesis-G70-in-Dubai-300x198.jpg'),
(145, 'GV70 ', 31, 'https://rentalcarsuae.com/wp-content/uploads/2022/11/Rent-Genesis-GV70-in-Dubai-300x198.jpg'),
(146, 'GV80 ', 31, 'https://rentalcarsuae.com/wp-content/uploads/2022/11/Rent-Genesis-GV80-in-Dubai-300x198.jpg'),
(147, 'QX50 ', 32, 'https://rentalcarsuae.com/wp-content/uploads/2022/11/Rent-Infiniti-QX50-in-Dubai-300x198.jpg'),
(148, 'QX55 ', 32, 'https://rentalcarsuae.com/wp-content/uploads/2022/11/Rent-Infiniti-QX55-in-Dubai-300x198.jpg'),
(149, 'QX60 ', 32, 'https://rentalcarsuae.com/wp-content/uploads/2022/11/Rent-Infiniti-QX60-in-Dubai-300x198.jpg'),
(150, 'QX80 ', 32, 'https://rentalcarsuae.com/wp-content/uploads/2022/11/Rent-Infiniti-QX80-in-Dubai-300x198.jpg'),
(151, 'Seltos 2023 ', 11, 'https://www.drivus.ae/cache/catalog/item/whatsapp-image-2022-07-31-at-7-10-17-pm-2.jpeg'),
(152, 'Cerato 2020 ', 11, 'https://www.drivus.ae/cache/catalog/item/kia_cerato_2017_4458_1591881614-1_small.jpeg'),
(153, 'Kicks 2020 ', 16, 'https://www.drivus.ae/cache/catalog/item/nissan-kicks-2019-rentals-min.jpeg'),
(154, 'Creta 2019 ', 26, 'https://www.drivus.ae/cache/catalog/item/21.jpeg'),
(155, 'Land Rover Range Rover 2020 ', 33, 'https://www.drivus.ae/cache/catalog/item/land_rover_range_rover_vogue_supercharged_2019-7-1_small.jpeg'),
(156, 'Attrage 2022 ', 27, 'https://www.drivus.ae/cache/catalog/item/whatsapp-image-2022-07-31-at-6-26-08-pm-1.jpeg'),
(157, 'Symbol 2017 ', 20, 'https://www.drivus.ae/cache/catalog/item/renault_symbol_2017_5276_-1_small.jpeg'),
(158, 'Duster 2020 ', 20, 'https://www.drivus.ae/cache/catalog/item/renault-duster-2019-rentals-min-1.jpeg'),
(159, 'A6 ', 1, 'https://phantomrentcar.com/wp-content/uploads/2022/01/audi-a6-black-1.webp'),
(160, 'Q8 ', 1, 'https://phantomrentcar.com/wp-content/uploads/2022/01/audi-q8-grey-1.webp'),
(161, 'R8 ', 1, 'https://phantomrentcar.com/wp-content/uploads/2022/01/audi-r8-yellow-1.webp'),
(162, 'RS Q8 ', 1, 'https://phantomrentcar.com/wp-content/uploads/2022/01/audi-rs-q8-grey-1.webp'),
(163, 'A8 ', 1, 'https://phantomrentcar.com/wp-content/uploads/2022/06/Audi-A8-1.webp'),
(164, 'Bentayga ', 34, 'https://phantomrentcar.com/wp-content/uploads/2022/01/Bentley-Bentayga-black-1.webp'),
(165, 'Continental GT ', 34, 'https://phantomrentcar.com/wp-content/uploads/2022/01/Bentley-Continental-GT-black-1.webp'),
(166, 'Flying Spur ', 34, 'https://phantomrentcar.com/wp-content/uploads/2022/01/Bentley-Flying-Supr-white-1.webp'),
(167, 'Continental GTC ', 34, 'https://phantomrentcar.com/wp-content/uploads/2022/07/Bentley-GT-Convertible-2022-1.webp'),
(168, 'Bentayga S ', 34, 'https://phantomrentcar.com/wp-content/uploads/2022/11/Rent-Bentley-Bentayga-S-Dubai-1.webp'),
(169, 'Corvette C8 ', 4, 'https://phantomrentcar.com/wp-content/uploads/2022/01/chevrolet-Corvette-c8-black-red-1.webp'),
(170, 'Tahoe ', 4, 'https://phantomrentcar.com/wp-content/uploads/2022/08/Chevrolet-Tahoe-2022-1.webp'),
(171, 'F8 Spider ', 5, 'https://phantomrentcar.com/wp-content/uploads/2022/02/ferrari-f8-spider-1.webp'),
(172, 'Huracan EVO ', 12, 'https://phantomrentcar.com/wp-content/uploads/2022/01/Lamborghini-Huracan-EVO-1.webp'),
(173, 'Huracan EVO Spyder ', 12, 'https://phantomrentcar.com/wp-content/uploads/2022/01/lamborghini-huracan-EVO-spider-orange-1.webp'),
(174, 'Urus ', 12, 'https://phantomrentcar.com/wp-content/uploads/2022/01/lamborghini-urus-black-1.webp'),
(175, 'Huracan STO ', 12, 'https://phantomrentcar.com/wp-content/uploads/2022/04/sto3.webp'),
(176, 'Land Rover Defender ', 33, 'https://phantomrentcar.com/wp-content/uploads/2022/08/Land-Rover-Defender-2022-1.webp'),
(177, '720S Spider ', 35, 'https://phantomrentcar.com/wp-content/uploads/2022/01/mclaren-720s-spider-blue-1.webp'),
(178, 'A35 Hatchback ', 28, 'https://phantomrentcar.com/wp-content/uploads/2022/01/mercedes-a35-hatchback-white-1.webp'),
(179, 'S500 ', 28, 'https://phantomrentcar.com/wp-content/uploads/2022/01/mercedes-s500-black-1.webp'),
(180, 'GLE 63 ', 28, 'https://phantomrentcar.com/wp-content/uploads/2022/01/mercedes-gle-63-silver-1.webp'),
(181, 'A35 Saloon ', 28, 'https://phantomrentcar.com/wp-content/uploads/2022/01/mercedes-a35-salon-grey-1.webp'),
(182, 'G63 ', 28, 'https://phantomrentcar.com/wp-content/uploads/2022/01/mercedes-g63-black-red-2021-1.webp'),
(183, 'A200 ', 28, 'https://phantomrentcar.com/wp-content/uploads/2022/01/mercedes-a200-red-1.webp'),
(184, 'A250 ', 28, 'https://phantomrentcar.com/wp-content/uploads/2022/01/mercedes-a250-black-1.webp'),
(185, 'E300 ', 28, 'https://phantomrentcar.com/wp-content/uploads/2022/01/mercedes-e300-black-1.webp'),
(186, 'Patrol Platinum V8 ', 16, 'https://phantomrentcar.com/wp-content/uploads/2022/01/Nissan-Patrol-Platinum-V8-white-2022-1.webp'),
(187, 'Patrol Nismo ', 16, 'https://phantomrentcar.com/wp-content/uploads/2022/02/Nissan-Patrol-Nismo-1.webp'),
(188, 'Patrol V6 ', 16, 'https://phantomrentcar.com/wp-content/uploads/2022/03/4-1.webp'),
(189, 'Boxster GTS ', 18, 'https://phantomrentcar.com/wp-content/uploads/2022/01/1-1.webp'),
(190, 'Carrera 911 S ', 18, 'https://phantomrentcar.com/wp-content/uploads/2022/01/Porsche-Carrera-911-1.webp'),
(191, 'Cayenne GTS ', 18, 'https://phantomrentcar.com/wp-content/uploads/2022/01/porsche-cayenne-gts-black-1.webp'),
(192, 'Carrera 911 4S ', 18, 'https://phantomrentcar.com/wp-content/uploads/2022/05/Porsche-Carrera-911-1.webp'),
(193, 'Rolls Royce Cullinan ', 21, 'https://phantomrentcar.com/wp-content/uploads/2022/01/rolls-royce-cullinan-white-red-2020-1.webp'),
(194, 'Rolls Royce Cullinan Black Badge ', 21, 'https://phantomrentcar.com/wp-content/uploads/2022/01/rolls-royce-cullinan-black-badge-black-1.webp'),
(195, 'Rolls Royce Ghost Black Badge ', 21, 'https://phantomrentcar.com/wp-content/uploads/2022/01/rolls-royce-ghost-blue-1.webp'),
(196, 'Rolls Royce Wraith Black Badge ', 21, 'https://phantomrentcar.com/wp-content/uploads/2022/01/Rolls-Royce-Wraith-Black-badge-white-1.webp'),
(197, 'Maxima 2020 ', 16, 'https://quickdrive.ae/uploads/2022/07/31/1.jpg'),
(198, 'Patrol 2022 ', 16, 'https://quickdrive.ae/uploads/2022/09/03/2patrol - Copy COPY.jpg'),
(199, 'Sunny 2022 ', 16, 'https://quickdrive.ae/uploads/2022/07/31/28A.jpg'),
(200, 'Maxima 2017 ', 16, 'https://quickdrive.ae/uploads/2021/02/12/nissan-maxima-2017.jpg'),
(201, 'Altima 2018 ', 16, 'https://quickdrive.ae/uploads/2021/02/12/Nissan-Altima-2017.jpg'),
(202, 'Juke 2019 ', 16, 'https://quickdrive.ae/uploads/2022/05/20/nissan-juke-2019.jpg'),
(203, 'Micra 2019 ', 16, 'https://quickdrive.ae/uploads/2022/05/20/nissan-micra-2019.jpg'),
(204, 'Sunny 2017 ', 16, 'https://quickdrive.ae/uploads/2021/02/12/nissan-sunny.jpg'),
(205, 'Corolla 2018 ', 24, 'https://quickdrive.ae/uploads/2021/02/12/toyota-corolla.jpg'),
(206, 'Fortuner 2018 ', 24, 'https://quickdrive.ae/uploads/2021/02/12/Toyota-Fortuner-2018.jpg'),
(207, 'Avanza 2019 ', 24, 'https://quickdrive.ae/uploads/2022/05/20/toyota-avanza-2019.jpg'),
(208, 'Camry 2019 ', 24, 'https://quickdrive.ae/uploads/2022/05/20/toyota-camry-2019.jpg'),
(209, 'Cargo 2019 ', 24, 'https://quickdrive.ae/uploads/2022/05/20/toyota-cargo-2019.jpg'),
(210, 'FJ Cruiser 2019 ', 24, 'https://quickdrive.ae/uploads/2022/05/20/toyota-fj-cruiser-2019.jpg'),
(211, 'Hiace 2019 ', 24, 'https://quickdrive.ae/uploads/2022/05/20/toyota-hiace-2019.jpg'),
(212, 'Innova 2019 ', 24, 'https://quickdrive.ae/uploads/2022/05/20/toyota-innova-2019.jpg'),
(213, 'Land Cruiser 2019 ', 24, 'https://quickdrive.ae/uploads/2022/05/20/toyota-land-cruiser-2019.jpg'),
(214, 'Tucson 2023 ', 26, 'https://quickdrive.ae/uploads/2022/10/22/Hyundai_Tucson_2023 (1).jpg'),
(215, 'Elantra 2018 ', 26, 'https://quickdrive.ae/uploads/2021/02/12/hyundai-elantra.jpg'),
(216, 'Elantra 2022 ', 26, 'https://quickdrive.ae/uploads/2022/05/20/hyundai-elantra-2022.jpg'),
(217, 'Accent 2019 ', 26, 'https://quickdrive.ae/uploads/2022/05/20/hyundai-accent-2019.jpg'),
(218, 'Accent 2020 ', 26, 'https://quickdrive.ae/uploads/2022/05/20/hyundai-accent-2020-final.jpg'),
(219, 'Accent 2022 ', 26, 'https://quickdrive.ae/uploads/2022/05/20/hyundai-accent-2022.jpg'),
(220, 'Pajero 2021 ', 27, 'https://quickdrive.ae/uploads/2021/07/07/9.jpg'),
(221, 'Attrage 2019 ', 27, 'https://quickdrive.ae/uploads/2021/02/12/mitsubishi-attrage.jpg'),
(222, 'Lancer ', 27, 'https://quickdrive.ae/uploads/2021/02/12/mitsubishi-lancer.jpg'),
(223, 'ASX 2022 ', 27, 'https://quickdrive.ae/uploads/2022/05/20/mitsubishi-asx-2022.jpg'),
(224, 'Lancer 2019 ', 27, 'https://quickdrive.ae/uploads/2022/05/20/mitsubishi-lancer-2019.jpg'),
(225, 'Mirage 2019 ', 27, 'https://quickdrive.ae/uploads/2022/05/20/mitsubishi-mirage-2019.jpg'),
(226, 'Outlander 2019 ', 27, 'https://quickdrive.ae/uploads/2022/05/20/mitsubishi-outlander-2019.jpg'),
(227, 'Pajero 2019 ', 27, 'https://quickdrive.ae/uploads/2022/05/20/mitsubishi-pajero-2019.jpg'),
(228, 'Koleos 2023 ', 20, 'https://quickdrive.ae/uploads/2022/09/13/1 keltos.jpg'),
(229, 'Symbol ', 20, 'https://quickdrive.ae/uploads/2021/02/12/renault-symbol.jpg'),
(230, 'Duster ', 20, 'https://quickdrive.ae/uploads/2021/02/12/renault-duster.jpg'),
(231, 'Captur 2019 ', 20, 'https://quickdrive.ae/uploads/2022/05/20/renault-captur-2019.jpg'),
(232, 'Koleos 2019 ', 20, 'https://quickdrive.ae/uploads/2022/05/20/renault-koleos-2019.jpg'),
(233, 'Megane 2019 ', 20, 'https://quickdrive.ae/uploads/2022/05/20/renault-megane-2019.jpg'),
(234, 'Symbol 2019 ', 20, 'https://quickdrive.ae/uploads/2022/05/20/renault-symbol-2019.jpg'),
(235, 'Talisman 2019 ', 20, 'https://quickdrive.ae/uploads/2022/05/20/renault-talisman-2019.jpg'),
(236, 'Sportage 2019 ', 11, 'https://quickdrive.ae/uploads/2021/02/12/Kia-Sportage-2019.jpg'),
(237, 'Optima ', 11, 'https://quickdrive.ae/uploads/2021/02/12/kia-optima.jpg'),
(238, 'Sportage 2018 ', 11, 'https://quickdrive.ae/uploads/2021/02/12/Kia-Sportage-2018.jpg'),
(239, 'Pegas 2022 ', 11, 'https://quickdrive.ae/uploads/2022/05/20/kia-pegas-2022.jpg'),
(240, 'Seltos 2022 ', 11, 'https://quickdrive.ae/uploads/2022/05/20/kia-seltos-2022.jpg'),
(241, 'Rio ', 11, 'https://quickdrive.ae/uploads/2021/02/12/kia-rio.jpg'),
(242, 'Carnival 2019 ', 11, 'https://quickdrive.ae/uploads/2022/05/20/kia-carnival-2019.jpg'),
(243, 'Pegas 2019 ', 11, 'https://quickdrive.ae/uploads/2022/05/20/kia-pegas-2019.jpg'),
(244, 'Pegas 2021 ', 11, 'https://quickdrive.ae/uploads/2022/05/20/kia-pegas-2021.jpg'),
(245, 'ZS 2023 ', 36, 'https://quickdrive.ae/uploads/2022/05/08/IMG_6507.JPG'),
(246, 'ZS 2019 ', 36, 'https://quickdrive.ae/uploads/2022/05/20/mg-zs-2019.jpg'),
(247, 'land rover range rover evoque 2019 ', 19, 'https://quickdrive.ae/uploads/2021/02/12/land-rover-range-rover-evoque-2019.jpeg'),
(248, 'Land Rover Range Rover Sport 2019 ', 19, 'https://quickdrive.ae/uploads/2021/02/12/range-rover-sport-2019.jpg'),
(249, 'Range Rover Vogue 2019 ', 19, 'https://quickdrive.ae/uploads/2021/02/12/range-rover-vogue-2019.jpeg'),
(250, 'Range Rover Evoque 2019 ', 19, 'https://quickdrive.ae/uploads/2022/05/20/range-rover-evoque-2019.jpg'),
(251, 'Range Rover SVR 2019 ', 19, 'https://quickdrive.ae/uploads/2022/05/20/range-rover-svr-2019.jpg'),
(252, 'Range Rover Velar 2019 ', 19, 'https://quickdrive.ae/uploads/2022/05/20/range-rover-velar-2019.jpg'),
(253, 'J7 Model 2023 ', 37, 'https://quickdrive.ae/uploads/2022/09/03/j1.jpg'),
(254, '488 GTB 2019 ', 5, 'https://quickdrive.ae/uploads/2022/05/20/ferrari-488-gtb-2019.jpg'),
(255, '488 Spyder 2019 ', 5, 'https://quickdrive.ae/uploads/2022/05/20/ferrari-488-spyder-2019.jpg'),
(256, '812 2019 ', 5, 'https://quickdrive.ae/uploads/2022/05/20/ferrari-812-2019.jpg'),
(257, 'F12 2019 ', 5, 'https://quickdrive.ae/uploads/2022/05/20/ferrari-f12-2019.jpg'),
(258, 'GTC Lusso 2019 ', 5, 'https://quickdrive.ae/uploads/2022/05/20/ferrari-gtc-lusso-2019.jpg'),
(259, 'A3 2019 ', 1, 'https://quickdrive.ae/uploads/2022/05/20/audi-a3-2019.jpg'),
(260, 'A3 Convertible 2019 ', 1, 'https://quickdrive.ae/uploads/2022/05/20/audi-a3-convertible-2019.jpg'),
(261, 'A5 Convertible 2019 ', 1, 'https://quickdrive.ae/uploads/2022/05/20/audi-a5-convertible-2019.jpg'),
(262, 'Q3 2019 ', 1, 'https://quickdrive.ae/uploads/2022/05/20/audi-q3-2019.jpg'),
(263, 'Q5 2019 ', 1, 'https://quickdrive.ae/uploads/2022/05/20/audi-q5-2019.jpg'),
(264, 'Bentayga 2019 ', 34, 'https://quickdrive.ae/uploads/2022/05/20/bentley-bentayga-2019.jpg'),
(265, 'Bentayga 2022 ', 34, 'https://quickdrive.ae/uploads/2022/05/20/bentley-bentayga-2022.jpg'),
(266, 'Flying Spur 2019 ', 34, 'https://quickdrive.ae/uploads/2022/05/20/bentley-flying-spur-2019.jpg'),
(267, 'Flying Spur 2022 ', 34, 'https://quickdrive.ae/uploads/2022/05/20/bentley-flying-spur-2022.jpg'),
(268, 'GT Coupe 2019 ', 34, 'https://quickdrive.ae/uploads/2022/05/20/bentley-gtc-convertible-2019.jpg'),
(269, 'GTC Convertible 2019 ', 34, 'https://quickdrive.ae/uploads/2022/05/20/bentley-gt-coupe-2019.jpg'),
(270, '2 Series 2019 ', 2, 'https://quickdrive.ae/uploads/2022/05/20/bmw-2-series-2019.jpg'),
(271, '3 Series 2019 ', 2, 'https://quickdrive.ae/uploads/2022/05/20/bmw-3-series-2019.jpg'),
(272, '4 Series 2019 ', 2, 'https://quickdrive.ae/uploads/2022/05/20/bmw-4-series-2019.jpg'),
(273, '520i 2022 ', 2, 'https://quickdrive.ae/uploads/2022/05/20/bmw-5-series-2019.jpg'),
(274, '7 Series 2019 ', 2, 'https://quickdrive.ae/uploads/2022/05/20/bmw-730li-2022.jpg'),
(275, '730Li 2022 ', 2, 'https://quickdrive.ae/uploads/2022/05/20/bmw-740li-2022.jpg'),
(276, '740Li 2022 ', 2, 'https://quickdrive.ae/uploads/2022/05/20/bmw-7-series-2019.jpg'),
(277, 'X5 2019 ', 2, 'https://quickdrive.ae/uploads/2022/05/20/bmw-x5-2019.jpg'),
(278, 'X5 40i 2022 ', 2, 'https://quickdrive.ae/uploads/2022/05/20/bmw-x5-40i-2022.jpg'),
(279, 'Spark 2020 ', 4, 'https://quickdrive.ae/uploads/2022/05/20/chevrolet-spark-2020.jpg'),
(280, 'Camaro 2019 ', 4, 'https://quickdrive.ae/uploads/2022/05/20/chevrolet-camaro-2019.jpg'),
(281, 'Corvette 2019 ', 4, 'https://quickdrive.ae/uploads/2022/05/20/chevrolet-corvette-2019.jpg'),
(282, 'Malibu 2020 ', 4, 'https://quickdrive.ae/uploads/2022/05/20/chevrolet-malibu-2020.jpg'),
(283, 'Silverado 2019 ', 4, 'https://quickdrive.ae/uploads/2022/05/20/chevrolet-silverado-2019.jpg'),
(284, 'Spark 2017 ', 4, 'https://quickdrive.ae/uploads/2022/05/20/chevrolet-spark-2017.jpg'),
(285, 'Spark 2019 ', 4, 'https://quickdrive.ae/uploads/2022/05/20/chevrolet-spark-2019.jpg'),
(286, 'Suburban 2019 ', 4, 'https://quickdrive.ae/uploads/2022/05/20/chevrolet-suburban-2019.jpg'),
(287, 'Traverse 2019 ', 4, 'https://quickdrive.ae/uploads/2022/05/20/chevrolet-traverse-2019.jpg'),
(288, 'Trax 2019 ', 4, 'https://quickdrive.ae/uploads/2022/05/20/chevrolet-trax-2019.jpg'),
(289, 'Mustang Ecoboost 2020 ', 7, 'https://quickdrive.ae/uploads/2022/09/03/Ford_Mustang-Ecoboost (1).jpg'),
(290, 'EcoSport 2021 ', 7, 'https://quickdrive.ae/uploads/2022/09/13/1 eco.jpg'),
(291, 'Focus 2019 ', 7, 'https://quickdrive.ae/uploads/2022/05/20/ford-focus.jpg'),
(292, 'Accord 2020 ', 38, 'https://quickdrive.ae/uploads/2022/05/20/honda-accord-2020.jpg'),
(293, 'GX 460 2019 ', 29, 'https://quickdrive.ae/uploads/2022/05/20/lexus-gx-460-2019.jpg'),
(294, 'LS 500 2019 ', 29, 'https://quickdrive.ae/uploads/2022/05/20/lexus-ls-500-2019.jpg'),
(295, 'LX 570 2019 ', 29, 'https://quickdrive.ae/uploads/2022/05/20/lexus-lx-570-2019.jpg'),
(296, 'NX 300 2019 ', 29, 'https://quickdrive.ae/uploads/2022/05/20/lexus-nx-300-2019.jpg'),
(297, 'Aventador Coupe 2019 ', 12, 'https://quickdrive.ae/uploads/2022/05/20/lamborghini-aventador-coupe-2019.jpg'),
(298, 'Aventador S 2019 ', 12, 'https://quickdrive.ae/uploads/2022/05/20/lamborghini-aventador-s-2019.jpg'),
(299, 'Aventador S Roadster 2019 ', 12, 'https://quickdrive.ae/uploads/2022/05/20/lamborghini-aventador-s-roadster-2019.jpg'),
(300, 'Huracan 2019 ', 12, 'https://quickdrive.ae/uploads/2022/05/20/lamborghini-huracan-2019.jpg'),
(301, 'Huracan Evo Coupe 2019 ', 12, 'https://quickdrive.ae/uploads/2022/05/20/lamborghini-huracan-evo-coupe-2019.jpg'),
(302, 'Huracan Spyder 2019 ', 12, 'https://quickdrive.ae/uploads/2022/05/20/lamborghini-huracan-spyder-2019.jpg'),
(303, 'Urus 2019 ', 12, 'https://quickdrive.ae/uploads/2022/05/20/lamborghini-urus-2019.jpg'),
(304, 'Ghibli 2019 ', 39, 'https://quickdrive.ae/uploads/2022/05/20/maserati-ghibli-2019.jpg'),
(305, 'Grancabrio 2019 ', 39, 'https://quickdrive.ae/uploads/2022/05/20/maserati-grancabrio-2019.png'),
(306, 'Granturismo 2019 ', 39, 'https://quickdrive.ae/uploads/2022/05/20/maserati-granturismo-2019.jpg'),
(307, 'Levante 2019 ', 39, 'https://quickdrive.ae/uploads/2022/05/20/maserati-levante-2019.jpg'),
(308, 'Quattroporte S 2019 ', 39, 'https://quickdrive.ae/uploads/2022/05/20/maserati-quattroporte-s-2019.jpg'),
(309, '720s 2019 ', 35, 'https://quickdrive.ae/uploads/2022/05/20/mclaren-720s-2019.jpg'),
(310, 'GLA 250 2021 ', 28, 'https://quickdrive.ae/uploads/2022/09/03/RENT MERCEDES BENZ GLA 250 2021 (1).jpg'),
(311, 'AMG GTS 2019 ', 28, 'https://quickdrive.ae/uploads/2022/05/20/mercedes-amg-gts-2019.jpg'),
(312, 'C 200 2019 ', 28, 'https://quickdrive.ae/uploads/2022/05/20/mercedes-c-200-2019.jpg'),
(313, 'C 300 2019 ', 28, 'https://quickdrive.ae/uploads/2022/05/20/mercedes-c-300-2019.jpg'),
(314, 'E 200 2019 ', 28, 'https://quickdrive.ae/uploads/2022/05/20/mercedes-e-200-2019.jpg'),
(315, 'E 250 2019 ', 28, 'https://quickdrive.ae/uploads/2022/05/20/mercedes-e-250-2019.jpg'),
(316, 'E 300 2019 ', 28, 'https://quickdrive.ae/uploads/2022/05/20/mercedes-e-300-2019.jpg'),
(317, 'E350 2019 Hybrid ', 28, 'https://quickdrive.ae/uploads/2022/05/20/mercedes-e350-2019-hybrid.jpg'),
(318, 'G63 AMG 2020 ', 28, 'https://quickdrive.ae/uploads/2022/05/20/mercedes-g63-amg-2020.jpg'),
(319, 'S 450 2019 ', 28, 'https://quickdrive.ae/uploads/2022/05/20/mercedes-s-450-2019.jpg'),
(320, '2008 Active 2023 ', 17, 'https://quickdrive.ae/uploads/2022/05/20/peugeot-2008-active-2023.jpg'),
(321, '208 2019 ', 17, 'https://quickdrive.ae/uploads/2022/05/20/peugeot-208-2019.jpg'),
(322, '3008 2019 ALLURE ', 17, 'https://quickdrive.ae/uploads/2022/05/20/peugeot-3008-2019-allure.jpg'),
(323, '3008 Active 2020 ', 17, 'https://quickdrive.ae/uploads/2022/05/20/peugeot-3008-active-2020.jpg'),
(324, '3008 Active 2022 ', 17, 'https://quickdrive.ae/uploads/2022/05/20/peugeot-3008-active-2022.jpg'),
(325, '3008 GT Line 2019 ', 17, 'https://quickdrive.ae/uploads/2022/05/20/peugeot-3008-gt-line-2019.jpg'),
(326, '911 Carrera 2019 ', 18, 'https://quickdrive.ae/uploads/2022/05/20/porsche-911-carrera-2019.jpg'),
(327, 'Cayenne GTS 2019 ', 18, 'https://quickdrive.ae/uploads/2022/05/20/porsche-cayenne-gts-2019.jpg'),
(328, 'Cayenne GTS Turbo 2019 ', 18, 'https://quickdrive.ae/uploads/2022/05/20/porsche-cayenne-gts-turbo-2019.jpg'),
(329, 'Macan Turbo 2019 ', 18, 'https://quickdrive.ae/uploads/2022/05/20/porsche-macan-turbo-2019.jpg'),
(330, 'Rolls Royce Cullinan 2019 ', 21, 'https://quickdrive.ae/uploads/2022/05/20/rolls-royce-cullinan-2019.jpg'),
(331, 'Rolls Royce Dawn 2019 ', 21, 'https://quickdrive.ae/uploads/2022/05/20/rolls-royce-dawn-2019.jpg'),
(332, 'Rolls Royce Ghost 2019 ', 21, 'https://quickdrive.ae/uploads/2022/05/20/rolls-royce-ghost-2019.jpg'),
(333, 'Rolls Royce Wraith 2019 ', 21, 'https://quickdrive.ae/uploads/2022/05/20/rolls-royce-wraith-2019.jpg'),
(334, 'Passat 2019 ', 25, 'https://quickdrive.ae/uploads/2022/05/20/volkswagen-passat-2019.jpg'),
(335, 'Caddy 2019 ', 25, 'https://quickdrive.ae/uploads/2022/05/20/volkswagen-caddy-2019.jpg'),
(336, 'Jetta 2019 ', 25, 'https://quickdrive.ae/uploads/2022/05/20/volkswagen-jetta-2019.jpg'),
(337, '3 2017 ', 30, 'https://quickdrive.ae/uploads/2022/05/20/mazda-3-2017.jpg'),
(338, '3 2018 ', 30, 'https://quickdrive.ae/uploads/2022/05/20/mazda-3-2018.jpg'),
(339, '3 2019 ', 30, 'https://quickdrive.ae/uploads/2022/05/20/mazda-3-2019.jpg'),
(340, 'CX-3 2018 ', 30, 'https://quickdrive.ae/uploads/2022/05/20/mazda-cx-3-2018.jpg'),
(341, 'CX-3 2019 ', 30, 'https://quickdrive.ae/uploads/2022/05/20/mazda-cx-3-2019.jpg'),
(342, 'CX-5 2019 ', 30, 'https://quickdrive.ae/uploads/2022/05/20/mazda-cx-5-2019.jpg'),
(343, 'CX-5 2021 ', 30, 'https://quickdrive.ae/uploads/2022/05/20/mazda-cx-5-2021.jpg'),
(344, 'CX-5 2022 ', 30, 'https://quickdrive.ae/uploads/2022/05/20/mazda-cx-5-2022.jpg'),
(345, 'C5 2023 ', 40, 'https://quickdrive.ae/uploads/2022/11/19/Citroen C5 2023 (3).jpg');

-- --------------------------------------------------------

--
-- Table structure for table `rental_services_tbl`
--

DROP TABLE IF EXISTS `rental_services_tbl`;
CREATE TABLE IF NOT EXISTS `rental_services_tbl` (
  `id` int(11) NOT NULL AUTO_INCREMENT,
  `name` varchar(50) NOT NULL,
  `website` varchar(300) NOT NULL,
  PRIMARY KEY (`id`),
  UNIQUE KEY `rental_services_tbl_uc0` (`name`)
) ENGINE=MyISAM AUTO_INCREMENT=6 DEFAULT CHARSET=latin1;

--
-- Dumping data for table `rental_services_tbl`
--

INSERT INTO `rental_services_tbl` (`id`, `name`, `website`) VALUES
(1, 'X Car Rental', 'https://xcarrental.com/rent-a-car-dubai/'),
(2, 'Rental Cars UAE', 'https://rentalcarsuae.com/car-search/?category=all_cars'),
(3, 'Drivus', 'https://www.drivus.ae/catalog/'),
(4, 'Phantom Rent Car', 'https://phantomrentcar.com/search/'),
(5, 'Quick Drive', 'https://quickdrive.ae/fleet');
COMMIT;

